Sales Person,Country,Product,Date,Year,Month,Month Label,Quarter,Predicted Amount,Predicted Boxes Shipped
Jehu Rudeforth,UK,Mint Chip Choco,2025-01-04,2025,1,2024-01,1,6579.751274999995,217.86827099999996
Van Tuxwell,India,85% Dark Bars,2025-08-01,2025,8,2024-08,3,9260.632529220027,103.05132599999999
Gigi Bohling,India,Peanut Butter Cubes,2025-07-07,2025,7,2024-07,3,5373.805577399993,106.38412199999999
Jan Morforth,Australia,Peanut Butter Cubes,2025-04-27,2025,4,2024-04,2,14436.927806040014,329.65491899999995
Jehu Rudeforth,UK,Peanut Butter Cubes,2025-02-24,2025,2,2024-02,1,14811.028584689993,199.98368099999996
Van Tuxwell,India,Smooth Silky Salty,2025-06-06,2025,6,2024-06,2,6571.017863519999,55.06012499999999
Oby Sorrel,UK,99% Dark & Pure,2025-01-25,2025,1,2024-01,1,16072.99821156003,187.97393999999997
Gunar Cockshoot,Australia,After Nines,2025-03-24,2025,3,2024-03,1,3958.51613676,128.928258
Jehu Rudeforth,New Zealand,50% Dark Bites,2025-04-20,2025,4,2024-04,2,4774.048611390003,78.660354
Brien Boise,Australia,99% Dark & Pure,2025-07-04,2025,7,2024-07,3,4507.721221200013,119.81613899999999
Rafaelita Blaksland,UK,Smooth Silky Salty,2025-01-13,2025,1,2024-01,1,5692.732926599996,102.43571399999999
Barr Faughny,USA,Orange Choco,2025-03-10,2025,3,2024-03,1,5042.108737079994,48.681110999999994
Mallorie Waber,Canada,Eclairs,2025-01-13,2025,1,2024-01,1,2341.400743140002,259.22572199999996
Karlen McCaffrey,New Zealand,Drinking Choco,2025-07-28,2025,7,2024-07,3,728.1692774699997,207.70536599999997
Marney O'Breen,New Zealand,Peanut Butter Cubes,2025-08-03,2025,8,2024-08,3,9123.799600860015,215.28906899999998
Beverie Moffet,Australia,Organic Choco Syrup,2025-01-26,2025,1,2024-01,1,6670.869652290004,307.48227299999996
Van Tuxwell,Canada,Organic Choco Syrup,2025-02-14,2025,2,2024-02,1,4542.447841049997,83.39950499999999
Roddy Speechley,USA,Smooth Silky Salty,2025-04-05,2025,4,2024-04,2,3742.6222289699917,159.89990999999998
Beverie Moffet,Canada,Milk Bars,2025-02-16,2025,2,2024-02,1,10375.992884610023,239.11219199999996
Curtice Advani,UK,85% Dark Bars,2025-06-08,2025,6,2024-06,2,1403.7718708200036,182.14154699999997
Brien Boise,Australia,Eclairs,2025-06-27,2025,6,2024-06,2,8370.429768539985,113.214231
Gunar Cockshoot,USA,Spicy Special Slims,2025-02-17,2025,2,2024-02,1,1866.786339749997,164.644368
Marney O'Breen,USA,After Nines,2025-05-30,2025,5,2024-05,2,5783.176571910012,173.56543499999998
Husein Augar,UK,Drinking Choco,2025-03-14,2025,3,2024-03,1,3918.596776619994,139.68023999999997
Kaine Padly,Australia,Eclairs,2025-02-28,2025,2,2024-02,1,9165.234640200004,152.76199499999998
Karlen McCaffrey,India,Fruit & Nut Bars,2025-01-26,2025,1,2024-01,1,203.56107663000017,209.318694
Roddy Speechley,Canada,Spicy Special Slims,2025-02-09,2025,2,2024-02,1,3420.208870680003,214.83797399999997
Husein Augar,USA,Eclairs,2025-07-07,2025,7,2024-07,3,4627.670035200001,148.17144
Dennison Crosswaite,New Zealand,White Choc,2025-07-05,2025,7,2024-07,3,10335.356230349975,172.78530599999996
Dennison Crosswaite,New Zealand,Manuka Honey Choco,2025-06-15,2025,6,2024-06,2,6379.41674823,304.499739
Van Tuxwell,New Zealand,85% Dark Bars,2025-05-24,2025,5,2024-05,2,2179.7746252500046,133.333068
Rafaelita Blaksland,UK,99% Dark & Pure,2025-06-29,2025,6,2024-06,2,14357.067963899977,158.711142
Wilone O'Kielt,Australia,Manuka Honey Choco,2025-05-11,2025,5,2024-05,2,5062.583832990007,107.10587399999999
Karlen McCaffrey,UK,Almond Choco,2025-06-30,2025,6,2024-06,2,8681.662657649995,150.06073199999997
Andria Kimpton,Canada,After Nines,2025-05-11,2025,5,2024-05,2,2361.4724539799904,85.60191
Roddy Speechley,USA,Manuka Honey Choco,2025-07-22,2025,7,2024-07,3,11056.37007972,291.74701799999997
Andria Kimpton,UK,50% Dark Bites,2025-08-24,2025,8,2024-08,3,3778.5922258500036,328.43961599999994
Kelci Walkden,New Zealand,After Nines,2025-07-07,2025,7,2024-07,3,1146.19105347,114.540981
Camilla Castle,Australia,85% Dark Bars,2025-05-19,2025,5,2024-05,2,4388.822662499997,20.278046999999997
Karlen McCaffrey,India,Manuka Honey Choco,2025-07-04,2025,7,2024-07,3,2922.635164679994,518.6000399999999
Kelci Walkden,USA,After Nines,2025-06-02,2025,6,2024-06,2,1435.188939330001,40.471182
Karlen McCaffrey,USA,Raspberry Choco,2025-04-15,2025,4,2024-04,2,17086.160500409977,346.66385399999996
Mallorie Waber,Canada,Choco Coated Almonds,2025-07-11,2025,7,2024-07,3,5712.871930200005,239.860479
Andria Kimpton,India,Spicy Special Slims,2025-02-23,2025,2,2024-02,1,6316.425524009995,179.864844
Madelene Upcott,Canada,Almond Choco,2025-08-22,2025,8,2024-08,3,9121.810165770012,108.20973
Kaine Padly,USA,Peanut Butter Cubes,2025-02-16,2025,2,2024-02,1,6144.364358160002,197.46285599999996
Van Tuxwell,USA,50% Dark Bites,2025-01-13,2025,1,2024-01,1,10860.978811170002,161.59814999999998
Curtice Advani,Australia,Milk Bars,2025-02-14,2025,2,2024-02,1,7349.090454090015,78.532986
Roddy Speechley,India,Eclairs,2025-06-10,2025,6,2024-06,2,5232.739467420017,317.78846699999997
Curtice Advani,India,Fruit & Nut Bars,2025-07-07,2025,7,2024-07,3,5787.036671429989,177.25379999999998
Curtice Advani,Canada,Almond Choco,2025-03-24,2025,3,2024-03,1,5903.396308259991,119.126229
Brien Boise,Australia,Fruit & Nut Bars,2025-06-06,2025,6,2024-06,2,10042.18990826999,41.102714999999996
Dotty Strutley,Australia,Drinking Choco,2025-07-19,2025,7,2024-07,3,124.93463436000009,136.644636
Beverie Moffet,USA,Raspberry Choco,2025-04-19,2025,4,2024-04,2,17804.69783822998,97.79739599999999
Marney O'Breen,India,85% Dark Bars,2025-07-19,2025,7,2024-07,3,2455.3363015799937,194.124753
Jehu Rudeforth,Canada,Drinking Choco,2025-07-15,2025,7,2024-07,3,1144.3220872799973,73.74076499999998
Ches Bonnell,New Zealand,Spicy Special Slims,2025-02-14,2025,2,2024-02,1,4877.146161359991,65.414082
Brien Boise,Canada,99% Dark & Pure,2025-05-18,2025,5,2024-05,2,18622.540184609978,410.23109999999997
Barr Faughny,Australia,Fruit & Nut Bars,2025-06-30,2025,6,2024-06,2,17465.67707255996,77.21154299999999
Andria Kimpton,Australia,50% Dark Bites,2025-06-02,2025,6,2024-06,2,5428.8180986099815,229.99476599999997
Andria Kimpton,Australia,Drinking Choco,2025-06-28,2025,6,2024-06,2,1849.0197774300043,65.40877499999999
Marney O'Breen,Australia,Organic Choco Syrup,2025-05-16,2025,5,2024-05,2,621.2817865199992,187.79880899999998
Kelci Walkden,Canada,Baker's Choco Chips,2025-05-26,2025,5,2024-05,2,3745.3924298999973,299.97286799999995
Karlen McCaffrey,India,Almond Choco,2025-07-06,2025,7,2024-07,3,7221.002612610011,157.95754799999997
Oby Sorrel,India,99% Dark & Pure,2025-05-27,2025,5,2024-05,2,12998.101501980009,38.910923999999994
Wilone O'Kielt,Australia,Caramel Stuffed Bars,2025-04-14,2025,4,2024-04,2,2415.614361840003,23.159747999999997
Van Tuxwell,Australia,Organic Choco Syrup,2025-08-10,2025,8,2024-08,3,22450.814687010046,52.438466999999996
Camilla Castle,India,50% Dark Bites,2025-07-04,2025,7,2024-07,3,11568.470053050023,355.92456899999996
Oby Sorrel,India,Organic Choco Syrup,2025-07-08,2025,7,2024-07,3,7642.835557590008,77.16908699999999
Jan Morforth,USA,Peanut Butter Cubes,2025-07-22,2025,7,2024-07,3,10947.902111100017,133.36490999999998
Gigi Bohling,USA,Choco Coated Almonds,2025-03-02,2025,3,2024-03,1,14552.880342900027,117.62965499999999
Gigi Bohling,UK,Almond Choco,2025-01-10,2025,1,2024-01,1,6418.024005689992,109.685076
Jehu Rudeforth,New Zealand,White Choc,2025-03-11,2025,3,2024-03,1,3595.923587610008,221.21698799999996
Andria Kimpton,New Zealand,Peanut Butter Cubes,2025-06-20,2025,6,2024-06,2,1148.1321948599998,291.375528
Van Tuxwell,UK,Organic Choco Syrup,2025-08-26,2025,8,2024-08,3,3113.989239120006,217.29511499999998
Roddy Speechley,Canada,Milk Bars,2025-07-13,2025,7,2024-07,3,1744.1609402999986,84.344151
Camilla Castle,USA,Spicy Special Slims,2025-02-11,2025,2,2024-02,1,2348.696859810005,233.17896599999997
Marney O'Breen,USA,Orange Choco,2025-01-27,2025,1,2024-01,1,8557.271460089985,189.53950499999996
Van Tuxwell,UK,99% Dark & Pure,2025-01-31,2025,1,2024-01,1,6184.654518389994,157.771803
Camilla Castle,USA,White Choc,2025-08-18,2025,8,2024-08,3,12149.434189079977,78.203952
Andria Kimpton,USA,Raspberry Choco,2025-06-30,2025,6,2024-06,2,16551.230927549965,52.571141999999995
Dotty Strutley,Australia,Fruit & Nut Bars,2025-08-23,2025,8,2024-08,3,556.0891656299999,299.54300099999995
Brien Boise,New Zealand,Mint Chip Choco,2025-08-01,2025,8,2024-08,3,1147.8508707900016,209.49913199999997
Roddy Speechley,New Zealand,After Nines,2025-05-25,2025,5,2024-05,2,9582.682411080003,25.202942999999998
Roddy Speechley,Canada,Organic Choco Syrup,2025-01-10,2025,1,2024-01,1,4566.574152959993,133.50289199999997
Dennison Crosswaite,Australia,70% Dark Bites,2025-02-07,2025,2,2024-02,1,6523.607885160015,139.05401399999997
Karlen McCaffrey,USA,Orange Choco,2025-05-12,2025,5,2024-05,2,12268.969746989978,422.26737599999996
Madelene Upcott,Australia,Spicy Special Slims,2025-03-07,2025,3,2024-03,1,8694.889930590009,414.48200699999995
Dennison Crosswaite,Australia,85% Dark Bars,2025-04-05,2025,4,2024-04,2,8492.41254336003,418.913352
Andria Kimpton,Canada,Caramel Stuffed Bars,2025-01-03,2025,1,2024-01,1,7851.48344679001,311.6854169999999
Dennison Crosswaite,UK,Eclairs,2025-03-24,2025,3,2024-03,1,6820.336212570004,270.471255
Madelene Upcott,India,Raspberry Choco,2025-07-07,2025,7,2024-07,3,5280.9430545599835,45.565901999999994
Van Tuxwell,USA,After Nines,2025-07-26,2025,7,2024-07,3,1293.78885984,264.15061799999995
Wilone O'Kielt,Australia,Organic Choco Syrup,2025-07-07,2025,7,2024-07,3,2493.6098548799955,115.01330399999999
Karlen McCaffrey,Canada,50% Dark Bites,2025-07-15,2025,7,2024-07,3,3902.3244532199988,98.32809599999999
Roddy Speechley,New Zealand,Orange Choco,2025-04-01,2025,4,2024-04,2,505.96497518999945,104.60627699999999
Beverie Moffet,Australia,Eclairs,2025-06-20,2025,6,2024-06,2,2353.5566389200035,18.091563
Kelci Walkden,UK,Fruit & Nut Bars,2025-06-29,2025,6,2024-06,2,15982.51529445,477.73614
Marney O'Breen,USA,50% Dark Bites,2025-06-15,2025,6,2024-06,2,1249.082373419998,121.96547399999999
Husein Augar,USA,After Nines,2025-04-08,2025,4,2024-04,2,14342.835279809991,191.99664599999997
Dennison Crosswaite,Australia,Raspberry Choco,2025-03-14,2025,3,2024-03,1,6492.369291059993,88.011288
Andria Kimpton,USA,Fruit & Nut Bars,2025-07-15,2025,7,2024-07,3,1727.8839998100036,355.56899999999996
Kelci Walkden,India,Eclairs,2025-04-19,2025,4,2024-04,2,6337.810505070003,92.28873
Marney O'Breen,USA,99% Dark & Pure,2025-03-28,2025,3,2024-03,1,5388.420524699993,289.9214099999999
Brien Boise,Canada,Spicy Special Slims,2025-03-04,2025,3,2024-03,1,9387.71373893999,102.42509999999999
Karlen McCaffrey,New Zealand,70% Dark Bites,2025-08-02,2025,8,2024-08,3,837.8170452600007,111.42046499999998
Husein Augar,UK,Spicy Special Slims,2025-08-25,2025,8,2024-08,3,5815.113461070009,81.446529
Marney O'Breen,USA,Almond Choco,2025-02-25,2025,2,2024-02,1,9713.628655830016,165.143226
Kelci Walkden,India,Orange Choco,2025-06-07,2025,6,2024-06,2,11202.69961922997,144.55737299999998
Jan Morforth,India,Spicy Special Slims,2025-04-12,2025,4,2024-04,2,2251.3222194300038,513.1815929999999
Ches Bonnell,India,Spicy Special Slims,2025-07-06,2025,7,2024-07,3,12675.10755789002,124.05643199999999
Kelci Walkden,UK,Smooth Silky Salty,2025-01-19,2025,1,2024-01,1,6964.528729319998,182.231766
Madelene Upcott,Australia,Fruit & Nut Bars,2025-01-05,2025,1,2024-01,1,6676.68957384,116.09062499999999
Madelene Upcott,Canada,70% Dark Bites,2025-01-24,2025,1,2024-01,1,13249.700428139991,173.178024
Wilone O'Kielt,Australia,Drinking Choco,2025-04-06,2025,4,2024-04,2,733.4942682000013,293.057847
Gunar Cockshoot,Australia,Fruit & Nut Bars,2025-06-15,2025,6,2024-06,2,7475.385007199998,37.170228
Gigi Bohling,Canada,Baker's Choco Chips,2025-01-28,2025,1,2024-01,1,2511.350784390004,72.80142599999999
Kelci Walkden,India,Caramel Stuffed Bars,2025-03-16,2025,3,2024-03,1,519.8778594599987,137.45129999999997
Rafaelita Blaksland,Australia,Drinking Choco,2025-02-21,2025,2,2024-02,1,12816.97030163998,343.596408
Kelci Walkden,USA,Manuka Honey Choco,2025-02-16,2025,2,2024-02,1,20399.438840370036,108.49630799999998
Jehu Rudeforth,Canada,Spicy Special Slims,2025-01-13,2025,1,2024-01,1,2402.863232940002,50.809217999999994
Kelci Walkden,Australia,Eclairs,2025-03-23,2025,3,2024-03,1,8248.134729840012,400.545825
Curtice Advani,Canada,Spicy Special Slims,2025-06-16,2025,6,2024-06,2,978.3793086600002,131.70381899999998
Oby Sorrel,India,Raspberry Choco,2025-04-14,2025,4,2024-04,2,7699.189794540011,60.223836
Kelci Walkden,UK,Eclairs,2025-01-25,2025,1,2024-01,1,5404.253853060011,110.24761799999999
Jan Morforth,India,Almond Choco,2025-03-11,2025,3,2024-03,1,6146.08886781,72.148665
Dotty Strutley,UK,Almond Choco,2025-07-28,2025,7,2024-07,3,17769.59930382,119.82675299999998
Marney O'Breen,New Zealand,After Nines,2025-03-09,2025,3,2024-03,1,2097.863415330003,60.961509
Husein Augar,Australia,Orange Choco,2025-06-28,2025,6,2024-06,2,11025.979331939972,185.96258699999998
Marney O'Breen,Australia,Milk Bars,2025-07-28,2025,7,2024-07,3,3269.793418799999,393.487515
Kelci Walkden,Canada,99% Dark & Pure,2025-08-15,2025,8,2024-08,3,5945.196363060011,78.25171499999999
Kaine Padly,Australia,Manuka Honey Choco,2025-01-12,2025,1,2024-01,1,3942.865952969994,259.69273799999996
Beverie Moffet,New Zealand,White Choc,2025-03-24,2025,3,2024-03,1,7849.879830599995,90.97790099999999
Van Tuxwell,UK,Milk Bars,2025-07-25,2025,7,2024-07,3,5679.541528979993,102.27650399999999
Oby Sorrel,Canada,99% Dark & Pure,2025-08-01,2025,8,2024-08,3,4610.400101939995,399.66486299999997
Van Tuxwell,India,Organic Choco Syrup,2025-05-16,2025,5,2024-05,2,23921.13580713003,170.80048799999997
Roddy Speechley,India,Smooth Silky Salty,2025-08-10,2025,8,2024-08,3,6123.65957529001,163.04696099999998
Jan Morforth,India,Eclairs,2025-01-05,2025,1,2024-01,1,2890.4093624399948,75.555759
Ches Bonnell,UK,Smooth Silky Salty,2025-07-11,2025,7,2024-07,3,6500.4002680199965,153.494361
Wilone O'Kielt,USA,After Nines,2025-04-25,2025,4,2024-04,2,703.4217812099998,44.361213
Gigi Bohling,New Zealand,Fruit & Nut Bars,2025-04-04,2025,4,2024-04,2,12088.764087449965,130.960839
Barr Faughny,USA,Raspberry Choco,2025-04-12,2025,4,2024-04,2,10965.97138470004,125.29296299999999
Wilone O'Kielt,New Zealand,85% Dark Bars,2025-08-02,2025,8,2024-08,3,2196.7692313499974,146.961444
Gigi Bohling,New Zealand,Manuka Honey Choco,2025-06-28,2025,6,2024-06,2,9514.454292330021,252.83609399999997
Ches Bonnell,Australia,Eclairs,2025-07-05,2025,7,2024-07,3,4768.062209249987,139.02217199999998
Rafaelita Blaksland,New Zealand,Choco Coated Almonds,2025-06-07,2025,6,2024-06,2,2365.3586639399978,65.32916999999999
Brien Boise,New Zealand,Smooth Silky Salty,2025-01-18,2025,1,2024-01,1,1595.8941865799977,73.772607
Brien Boise,Australia,Baker's Choco Chips,2025-01-04,2025,1,2024-01,1,13727.416136189982,201.119379
Dennison Crosswaite,Australia,99% Dark & Pure,2025-01-31,2025,1,2024-01,1,3570.737308590004,52.417238999999995
Kelci Walkden,India,Almond Choco,2025-03-14,2025,3,2024-03,1,4189.702801889993,168.10983899999997
Camilla Castle,Australia,70% Dark Bites,2025-04-29,2025,4,2024-04,2,7161.4982996700155,485.19247499999994
Oby Sorrel,India,Smooth Silky Salty,2025-02-07,2025,2,2024-02,1,11596.39049846999,127.04957999999999
Kaine Padly,UK,Organic Choco Syrup,2025-03-31,2025,3,2024-03,1,2932.9021399499998,175.99073399999997
Marney O'Breen,India,Caramel Stuffed Bars,2025-03-16,2025,3,2024-03,1,5082.341157149996,108.75104399999998
Karlen McCaffrey,UK,Eclairs,2025-01-25,2025,1,2024-01,1,7154.261674470002,223.83864599999995
Van Tuxwell,India,Baker's Choco Chips,2025-06-20,2025,6,2024-06,2,3708.2291540700057,453.54683399999993
Gigi Bohling,UK,After Nines,2025-03-29,2025,3,2024-03,1,8145.291013679986,164.06059799999997
Curtice Advani,Australia,Orange Choco,2025-07-12,2025,7,2024-07,3,990.9340785600015,150.52774799999997
Jehu Rudeforth,Canada,Smooth Silky Salty,2025-07-11,2025,7,2024-07,3,6584.979041490011,155.98865099999998
Karlen McCaffrey,Canada,Smooth Silky Salty,2025-01-19,2025,1,2024-01,1,3502.011021750001,197.39386499999998
Andria Kimpton,USA,85% Dark Bars,2025-04-05,2025,4,2024-04,2,10871.64529739999,96.36450599999999
Jehu Rudeforth,Canada,Milk Bars,2025-02-21,2025,2,2024-02,1,8552.126111310003,51.626495999999996
Rafaelita Blaksland,New Zealand,Caramel Stuffed Bars,2025-05-20,2025,5,2024-05,2,15156.468591419987,39.53715
Mallorie Waber,Australia,Milk Bars,2025-07-29,2025,7,2024-07,3,3750.581030729994,116.96097299999998
Barr Faughny,USA,Fruit & Nut Bars,2025-01-28,2025,1,2024-01,1,10224.653855519982,62.41031999999999
Marney O'Breen,UK,Caramel Stuffed Bars,2025-07-19,2025,7,2024-07,3,4139.732779799991,123.30814499999998
Mallorie Waber,New Zealand,Manuka Honey Choco,2025-04-13,2025,4,2024-04,2,11194.938662429986,39.054213
Roddy Speechley,India,Peanut Butter Cubes,2025-02-11,2025,2,2024-02,1,12047.564466629985,92.41609799999999
Roddy Speechley,New Zealand,Milk Bars,2025-03-02,2025,3,2024-03,1,6107.899642740004,125.01699899999998
Ches Bonnell,Australia,White Choc,2025-03-02,2025,3,2024-03,1,1458.775104780002,204.72813899999997
Van Tuxwell,USA,99% Dark & Pure,2025-07-28,2025,7,2024-07,3,13120.977285689996,59.921336999999994
Kelci Walkden,India,After Nines,2025-01-07,2025,1,2024-01,1,2805.6188927400067,490.40394899999995
Brien Boise,UK,White Choc,2025-04-12,2025,4,2024-04,2,6246.287044470002,190.19757299999998
Van Tuxwell,Canada,Almond Choco,2025-06-27,2025,6,2024-06,2,4057.550859810013,93.20684099999998
Jehu Rudeforth,Australia,50% Dark Bites,2025-01-14,2025,1,2024-01,1,5763.256800480014,376.186695
Karlen McCaffrey,UK,Baker's Choco Chips,2025-02-07,2025,2,2024-02,1,6249.406445999991,362.48932799999994
Jehu Rudeforth,Australia,Orange Choco,2025-03-23,2025,3,2024-03,1,15640.905137339983,86.14322399999999
Marney O'Breen,India,Peanut Butter Cubes,2025-01-10,2025,1,2024-01,1,8151.153019740011,169.98851699999997
Oby Sorrel,UK,Choco Coated Almonds,2025-03-17,2025,3,2024-03,1,11009.343585179971,88.74896099999998
Gigi Bohling,USA,Spicy Special Slims,2025-01-21,2025,1,2024-01,1,12477.87629937001,96.645777
Barr Faughny,Australia,White Choc,2025-07-04,2025,7,2024-07,3,9565.176104039994,371.82964799999996
Kaine Padly,Canada,Peanut Butter Cubes,2025-07-04,2025,7,2024-07,3,3946.2535172100065,189.75709199999997
Dotty Strutley,USA,Manuka Honey Choco,2025-08-10,2025,8,2024-08,3,1092.996869669997,207.827427
Dennison Crosswaite,Australia,50% Dark Bites,2025-04-01,2025,4,2024-04,2,8135.502464459985,25.510748999999997
Gigi Bohling,India,Raspberry Choco,2025-02-22,2025,2,2024-02,1,3009.625279740004,171.59653799999998
Camilla Castle,UK,White Choc,2025-01-03,2025,1,2024-01,1,12122.954965649966,200.01021599999999
Karlen McCaffrey,India,Drinking Choco,2025-05-31,2025,5,2024-05,2,5248.096280250013,253.334952
Dotty Strutley,UK,99% Dark & Pure,2025-01-03,2025,1,2024-01,1,10772.851512150026,279.84341699999993
Husein Augar,New Zealand,Caramel Stuffed Bars,2025-01-27,2025,1,2024-01,1,1729.1437223999985,414.94371599999994
Barr Faughny,UK,50% Dark Bites,2025-01-28,2025,1,2024-01,1,929.7718588200012,92.851272
Curtice Advani,Australia,Organic Choco Syrup,2025-06-28,2025,6,2024-06,2,3914.5762995599916,321.736875
Husein Augar,UK,Choco Coated Almonds,2025-03-02,2025,3,2024-03,1,6091.74141984,108.713895
Wilone O'Kielt,Australia,After Nines,2025-05-27,2025,5,2024-05,2,4113.588215789991,46.266426
Dennison Crosswaite,USA,Almond Choco,2025-06-30,2025,6,2024-06,2,14669.710975980048,124.358931
Barr Faughny,Canada,Peanut Butter Cubes,2025-06-07,2025,6,2024-06,2,2332.5304110600064,90.60641099999998
Kaine Padly,USA,70% Dark Bites,2025-05-12,2025,5,2024-05,2,4850.155767689998,114.18541199999999
Barr Faughny,New Zealand,Raspberry Choco,2025-07-29,2025,7,2024-07,3,8014.71562208999,94.708722
Dennison Crosswaite,UK,White Choc,2025-08-03,2025,8,2024-08,3,9360.241628880003,244.244061
Barr Faughny,India,Baker's Choco Chips,2025-08-18,2025,8,2024-08,3,8429.144930580012,158.769519
Van Tuxwell,New Zealand,Smooth Silky Salty,2025-06-14,2025,6,2024-06,2,3725.215162829997,65.918247
Beverie Moffet,UK,White Choc,2025-06-30,2025,6,2024-06,2,7516.703345609983,95.287185
Camilla Castle,New Zealand,Mint Chip Choco,2025-06-13,2025,6,2024-06,2,1571.1266298599974,223.31856
Ches Bonnell,UK,Orange Choco,2025-04-27,2025,4,2024-04,2,15819.302808119972,82.23727199999999
Jan Morforth,Australia,White Choc,2025-07-27,2025,7,2024-07,3,4432.379334299993,86.24405699999998
Mallorie Waber,Canada,85% Dark Bars,2025-04-20,2025,4,2024-04,2,1921.4983255499976,457.723443
Rafaelita Blaksland,India,Spicy Special Slims,2025-01-04,2025,1,2024-01,1,8865.222871890013,142.381503
Ches Bonnell,Australia,Mint Chip Choco,2025-02-21,2025,2,2024-02,1,11388.59666478001,129.38466
Karlen McCaffrey,Australia,White Choc,2025-01-05,2025,1,2024-01,1,9120.311415899985,91.89601199999998
Beverie Moffet,India,Drinking Choco,2025-07-15,2025,7,2024-07,3,6958.527096089996,97.35691499999999
Brien Boise,Australia,Choco Coated Almonds,2025-05-25,2025,5,2024-05,2,5967.6239042699945,86.31304799999998
Karlen McCaffrey,Canada,Eclairs,2025-04-20,2025,4,2024-04,2,3969.916528020001,353.377209
Gigi Bohling,USA,99% Dark & Pure,2025-06-02,2025,6,2024-06,2,948.679107720001,252.50175299999998
Marney O'Breen,UK,Smooth Silky Salty,2025-05-13,2025,5,2024-05,2,23133.67826468993,100.38721199999999
Beverie Moffet,New Zealand,Baker's Choco Chips,2025-08-03,2025,8,2024-08,3,3193.8582623699963,155.69145899999998
Beverie Moffet,Australia,Milk Bars,2025-05-25,2025,5,2024-05,2,880.1570342400012,405.8103689999999
Van Tuxwell,UK,Raspberry Choco,2025-03-16,2025,3,2024-03,1,6975.465925620004,102.78066899999999
Jan Morforth,Australia,Orange Choco,2025-07-04,2025,7,2024-07,3,3489.15911292,144.21772499999997
Jehu Rudeforth,India,50% Dark Bites,2025-07-05,2025,7,2024-07,3,4719.376215809994,150.379152
Madelene Upcott,USA,After Nines,2025-03-15,2025,3,2024-03,1,5191.511401079995,351.2225669999999
Barr Faughny,UK,Raspberry Choco,2025-08-22,2025,8,2024-08,3,6601.98776421001,102.78597599999999
Ches Bonnell,Australia,70% Dark Bites,2025-01-12,2025,1,2024-01,1,3870.710070450001,135.822051
Marney O'Breen,UK,Baker's Choco Chips,2025-06-10,2025,6,2024-06,2,434.2370491500005,167.88163799999998
Kaine Padly,Australia,Peanut Butter Cubes,2025-03-25,2025,3,2024-03,1,6054.5105859000005,251.72162399999996
Rafaelita Blaksland,India,Almond Choco,2025-07-27,2025,7,2024-07,3,3998.6704377900014,128.705364
Husein Augar,UK,Caramel Stuffed Bars,2025-04-15,2025,4,2024-04,2,17222.611218629954,428.08915499999995
Roddy Speechley,India,Orange Choco,2025-06-27,2025,6,2024-06,2,4878.591628950007,50.88351599999999
Jehu Rudeforth,UK,70% Dark Bites,2025-04-14,2025,4,2024-04,2,6175.187042670007,270.83213099999995
Husein Augar,Australia,Manuka Honey Choco,2025-03-15,2025,3,2024-03,1,8375.607596159984,112.020156
Madelene Upcott,USA,Eclairs,2025-03-18,2025,3,2024-03,1,10359.823570079994,182.81553599999998
Brien Boise,India,Eclairs,2025-04-29,2025,4,2024-04,2,1706.1834645299991,80.68762799999999
Mallorie Waber,New Zealand,White Choc,2025-02-25,2025,2,2024-02,1,3403.495535580008,246.98777999999996
Husein Augar,USA,Milk Bars,2025-03-02,2025,3,2024-03,1,1023.5614084200002,79.153905
Van Tuxwell,Australia,Milk Bars,2025-06-20,2025,6,2024-06,2,9678.80773059,103.75184999999999
Beverie Moffet,Canada,White Choc,2025-07-15,2025,7,2024-07,3,10996.766313600006,205.35436499999997
Dotty Strutley,Australia,50% Dark Bites,2025-05-12,2025,5,2024-05,2,3607.6021718100096,255.09687599999998
Mallorie Waber,New Zealand,Organic Choco Syrup,2025-07-01,2025,7,2024-07,3,5768.621116080004,273.35826299999997
Husein Augar,USA,85% Dark Bars,2025-08-08,2025,8,2024-08,3,441.72554456999893,64.644567
Madelene Upcott,Australia,50% Dark Bites,2025-07-25,2025,7,2024-07,3,8459.894166209968,45.51813899999999
Wilone O'Kielt,UK,Drinking Choco,2025-05-18,2025,5,2024-05,2,3890.431147799999,66.05622899999999
Camilla Castle,India,Peanut Butter Cubes,2025-07-15,2025,7,2024-07,3,13845.895282680027,277.258908
Curtice Advani,India,70% Dark Bites,2025-07-05,2025,7,2024-07,3,2528.65102062,66.37995599999999
Mallorie Waber,USA,Manuka Honey Choco,2025-07-04,2025,7,2024-07,3,6773.499549419996,151.238886
Dotty Strutley,UK,70% Dark Bites,2025-06-20,2025,6,2024-06,2,1579.6768967700011,242.35476899999998
Gunar Cockshoot,Australia,Almond Choco,2025-01-25,2025,1,2024-01,1,4615.29108621001,418.839054
Kaine Padly,New Zealand,Spicy Special Slims,2025-07-01,2025,7,2024-07,3,8886.533501880014,87.43813199999998
Gigi Bohling,USA,50% Dark Bites,2025-04-13,2025,4,2024-04,2,2977.931663459993,82.375254
Beverie Moffet,UK,Smooth Silky Salty,2025-05-04,2025,5,2024-05,2,5657.099552729985,83.999196
Beverie Moffet,Australia,Baker's Choco Chips,2025-08-04,2025,8,2024-08,3,3907.3515089699954,127.72356899999998
Beverie Moffet,India,70% Dark Bites,2025-06-01,2025,6,2024-06,2,582.4696788599991,154.492077
Jehu Rudeforth,UK,Choco Coated Almonds,2025-04-22,2025,4,2024-04,2,5191.589997749989,197.24526899999998
Kaine Padly,USA,50% Dark Bites,2025-08-03,2025,8,2024-08,3,947.344556430002,58.690113
Ches Bonnell,USA,Orange Choco,2025-06-10,2025,6,2024-06,2,2123.8027576499926,82.04621999999999
Gunar Cockshoot,UK,Manuka Honey Choco,2025-06-27,2025,6,2024-06,2,8363.469319620002,66.464868
Marney O'Breen,Australia,Smooth Silky Salty,2025-01-03,2025,1,2024-01,1,4540.859243670003,168.194751
Marney O'Breen,India,After Nines,2025-07-11,2025,7,2024-07,3,3154.108673159995,186.90192599999997
Ches Bonnell,New Zealand,Milk Bars,2025-08-17,2025,8,2024-08,3,5009.138468879993,140.486904
Rafaelita Blaksland,USA,Fruit & Nut Bars,2025-01-18,2025,1,2024-01,1,2834.714679450006,110.86853699999999
Ches Bonnell,India,Organic Choco Syrup,2025-03-08,2025,3,2024-03,1,17777.943712200016,118.66451999999998
Mallorie Waber,Australia,Orange Choco,2025-03-07,2025,3,2024-03,1,16446.779827230017,281.10117599999995
Husein Augar,India,70% Dark Bites,2025-05-09,2025,5,2024-05,2,7869.902557830006,176.75494199999997
Barr Faughny,New Zealand,85% Dark Bars,2025-05-23,2025,5,2024-05,2,2531.6193318599912,170.773953
Madelene Upcott,UK,Caramel Stuffed Bars,2025-04-15,2025,4,2024-04,2,383.9728600500003,166.94760599999998
Gigi Bohling,Australia,Drinking Choco,2025-07-27,2025,7,2024-07,3,3350.7921431400023,156.413211
Marney O'Breen,Canada,Choco Coated Almonds,2025-08-22,2025,8,2024-08,3,3273.042841829995,381.29202899999996
Ches Bonnell,USA,70% Dark Bites,2025-05-11,2025,5,2024-05,2,5108.576152439993,139.68023999999997
Madelene Upcott,India,Organic Choco Syrup,2025-01-26,2025,1,2024-01,1,6370.096329480004,77.301762
Barr Faughny,USA,50% Dark Bites,2025-04-14,2025,4,2024-04,2,15703.823602589959,132.09653699999998
Dennison Crosswaite,New Zealand,Mint Chip Choco,2025-04-05,2025,4,2024-04,2,7229.30414043001,437.142897
Marney O'Breen,New Zealand,Smooth Silky Salty,2025-06-14,2025,6,2024-06,2,9716.729482859968,71.225247
Brien Boise,Canada,Almond Choco,2025-04-13,2025,4,2024-04,2,5596.2694450500185,146.91898799999998
Beverie Moffet,Australia,White Choc,2025-06-27,2025,6,2024-06,2,2883.784687410011,184.62522299999998
Dotty Strutley,Australia,Eclairs,2025-01-26,2025,1,2024-01,1,7537.738170810008,64.43228699999999
Barr Faughny,UK,White Choc,2025-07-05,2025,7,2024-07,3,2721.491426549991,109.11191999999998
Beverie Moffet,Canada,Baker's Choco Chips,2025-01-11,2025,1,2024-01,1,15548.30854826998,117.534129
Kelci Walkden,USA,White Choc,2025-03-07,2025,3,2024-03,1,11419.490993790014,54.81069599999999
Kaine Padly,Canada,50% Dark Bites,2025-03-04,2025,3,2024-03,1,8578.207999650005,126.17923199999998
Karlen McCaffrey,Canada,Organic Choco Syrup,2025-07-15,2025,7,2024-07,3,2766.0216675000033,288.24970499999995
Kaine Padly,UK,Peanut Butter Cubes,2025-05-11,2025,5,2024-05,2,7298.681543100015,97.813317
Karlen McCaffrey,USA,Milk Bars,2025-01-27,2025,1,2024-01,1,5111.387801040007,82.29564899999998
Karlen McCaffrey,India,Orange Choco,2025-06-27,2025,6,2024-06,2,3737.3714831699963,167.393394
Ches Bonnell,India,Smooth Silky Salty,2025-08-03,2025,8,2024-08,3,9296.095336109993,49.66290599999999
Wilone O'Kielt,New Zealand,Mint Chip Choco,2025-08-19,2025,8,2024-08,3,12395.92677291,247.78913699999998
Wilone O'Kielt,Australia,Fruit & Nut Bars,2025-06-15,2025,6,2024-06,2,642.2539360500007,108.326484
Dennison Crosswaite,UK,Peanut Butter Cubes,2025-02-07,2025,2,2024-02,1,10718.394209280017,175.57678799999996
Karlen McCaffrey,Australia,Almond Choco,2025-07-08,2025,7,2024-07,3,8565.765685080027,144.28671599999998
Dennison Crosswaite,India,Milk Bars,2025-04-21,2025,4,2024-04,2,1899.448271249996,108.31586999999999
Ches Bonnell,UK,Mint Chip Choco,2025-04-08,2025,4,2024-04,2,3147.9285124500057,228.64678799999996
Husein Augar,Australia,50% Dark Bites,2025-08-19,2025,8,2024-08,3,16536.806183129996,107.20139999999999
Jan Morforth,India,Fruit & Nut Bars,2025-05-04,2025,5,2024-05,2,3578.9242052100053,72.39809399999999
Mallorie Waber,USA,85% Dark Bars,2025-05-11,2025,5,2024-05,2,2969.928972809996,125.45747999999999
Mallorie Waber,USA,Eclairs,2025-03-22,2025,3,2024-03,1,8043.040089420006,86.44572299999999
Dennison Crosswaite,Canada,Spicy Special Slims,2025-08-10,2025,8,2024-08,3,2774.8845697800043,218.01155999999997
Dennison Crosswaite,USA,Fruit & Nut Bars,2025-05-04,2025,5,2024-05,2,1746.1644920100025,322.15612799999997
Kelci Walkden,USA,99% Dark & Pure,2025-08-18,2025,8,2024-08,3,8564.627174369982,252.65034899999998
Dotty Strutley,Canada,Raspberry Choco,2025-08-03,2025,8,2024-08,3,5028.76359567001,255.97253099999998
Marney O'Breen,New Zealand,Milk Bars,2025-01-14,2025,1,2024-01,1,7840.760175660013,280.67661599999997
Madelene Upcott,Australia,Choco Coated Almonds,2025-04-08,2025,4,2024-04,2,2559.5714069999913,89.327424
Kelci Walkden,UK,Orange Choco,2025-08-01,2025,8,2024-08,3,4796.676120359989,34.346903999999995
Dennison Crosswaite,Canada,Eclairs,2025-03-15,2025,3,2024-03,1,1056.7661398799999,69.62253299999999
Karlen McCaffrey,India,Mint Chip Choco,2025-07-15,2025,7,2024-07,3,12525.342266579966,175.00363199999998
Barr Faughny,New Zealand,Almond Choco,2025-01-13,2025,1,2024-01,1,6596.532433560012,151.98717299999998
Mallorie Waber,Australia,85% Dark Bars,2025-08-26,2025,8,2024-08,3,3278.42180475001,76.50571199999999
Ches Bonnell,Canada,Eclairs,2025-01-10,2025,1,2024-01,1,2111.2593977999995,167.67997199999996
Gigi Bohling,Australia,White Choc,2025-05-11,2025,5,2024-05,2,6419.620139009976,93.700392
Beverie Moffet,New Zealand,85% Dark Bars,2025-08-30,2025,8,2024-08,3,12861.523309619986,75.04628699999999
Kaine Padly,USA,Caramel Stuffed Bars,2025-07-21,2025,7,2024-07,3,6762.243614699993,149.386743
Mallorie Waber,Australia,Almond Choco,2025-08-01,2025,8,2024-08,3,8761.428831240011,139.20261
Brien Boise,Canada,85% Dark Bars,2025-02-17,2025,2,2024-02,1,12956.069212859993,249.651894
Brien Boise,Australia,Drinking Choco,2025-07-27,2025,7,2024-07,3,7459.671033269991,185.15061599999999
Dotty Strutley,USA,Orange Choco,2025-02-23,2025,2,2024-02,1,1687.3451535600018,148.12898399999997
Rafaelita Blaksland,Australia,50% Dark Bites,2025-03-22,2025,3,2024-03,1,4759.389775199999,89.55031799999999
Dennison Crosswaite,India,99% Dark & Pure,2025-06-23,2025,6,2024-06,2,8502.203639940015,330.20153999999997
Curtice Advani,UK,White Choc,2025-02-01,2025,2,2024-02,1,2001.1024764299962,99.623004
Kelci Walkden,Australia,After Nines,2025-03-02,2025,3,2024-03,1,7770.5181565499915,249.50329799999997
Gigi Bohling,UK,Fruit & Nut Bars,2025-04-06,2025,4,2024-04,2,1931.010751559996,101.273481
Gunar Cockshoot,Australia,Raspberry Choco,2025-03-17,2025,3,2024-03,1,924.0402988199985,94.79894099999999
Curtice Advani,UK,Fruit & Nut Bars,2025-06-24,2025,6,2024-06,2,12806.564760599971,149.068323
Barr Faughny,Canada,50% Dark Bites,2025-07-19,2025,7,2024-07,3,11420.138713140019,261.619179
Curtice Advani,USA,Spicy Special Slims,2025-07-11,2025,7,2024-07,3,1783.1559802500055,267.164994
Brien Boise,India,Almond Choco,2025-01-13,2025,1,2024-01,1,2495.365728899998,215.29437599999997
Oby Sorrel,New Zealand,Smooth Silky Salty,2025-07-07,2025,7,2024-07,3,9698.618973870009,101.284095
Jan Morforth,India,85% Dark Bars,2025-05-25,2025,5,2024-05,2,5395.068338250012,404.8179599999999
Marney O'Breen,India,Fruit & Nut Bars,2025-04-13,2025,4,2024-04,2,5690.262040470012,168.953652
Andria Kimpton,New Zealand,50% Dark Bites,2025-03-02,2025,3,2024-03,1,4825.023248579989,213.107892
Gunar Cockshoot,Canada,Raspberry Choco,2025-06-23,2025,6,2024-06,2,2456.6721265499946,141.72874199999998
Kelci Walkden,USA,Drinking Choco,2025-07-26,2025,7,2024-07,3,7882.799098530017,159.772542
Van Tuxwell,Canada,White Choc,2025-03-22,2025,3,2024-03,1,618.5033597399988,29.273411999999997
Rafaelita Blaksland,USA,Baker's Choco Chips,2025-06-09,2025,6,2024-06,2,3268.208748600007,67.276839
Van Tuxwell,Australia,Caramel Stuffed Bars,2025-05-17,2025,5,2024-05,2,7015.779489719978,77.195622
Ches Bonnell,New Zealand,Peanut Butter Cubes,2025-03-04,2025,3,2024-03,1,1348.7052182099965,281.308149
Kelci Walkden,Canada,Milk Bars,2025-07-07,2025,7,2024-07,3,17437.111985850013,71.73471899999998
Dennison Crosswaite,Canada,Choco Coated Almonds,2025-01-13,2025,1,2024-01,1,11552.488871670022,131.995704
Curtice Advani,Australia,Almond Choco,2025-07-13,2025,7,2024-07,3,3540.854440710008,99.21967199999999
Madelene Upcott,Australia,85% Dark Bars,2025-06-16,2025,6,2024-06,2,1896.9327001800007,327.47374199999996
Gigi Bohling,UK,50% Dark Bites,2025-07-18,2025,7,2024-07,3,8660.208738660009,105.79504499999999
Ches Bonnell,UK,Manuka Honey Choco,2025-05-30,2025,5,2024-05,2,5075.7268307700015,405.73076399999997
Gigi Bohling,UK,70% Dark Bites,2025-06-21,2025,6,2024-06,2,1087.9784112599962,94.130259
Jehu Rudeforth,Australia,Peanut Butter Cubes,2025-06-24,2025,6,2024-06,2,7053.73621512002,50.188298999999994
Marney O'Breen,India,Eclairs,2025-01-13,2025,1,2024-01,1,4277.5204905299925,135.90165599999997
Curtice Advani,Canada,Fruit & Nut Bars,2025-04-04,2025,4,2024-04,2,5016.8017238100065,207.35510399999998
Kaine Padly,UK,Smooth Silky Salty,2025-06-08,2025,6,2024-06,2,10008.900530160028,573.166614
Karlen McCaffrey,Canada,Spicy Special Slims,2025-08-02,2025,8,2024-08,3,6831.558023279997,97.25608199999999
Kelci Walkden,USA,Organic Choco Syrup,2025-07-21,2025,7,2024-07,3,12070.346090879988,156.758166
Curtice Advani,India,Spicy Special Slims,2025-06-20,2025,6,2024-06,2,273.5416729199994,150.88331699999998
Roddy Speechley,India,After Nines,2025-06-22,2025,6,2024-06,2,3713.831276339993,127.330851
Camilla Castle,Australia,Caramel Stuffed Bars,2025-05-02,2025,5,2024-05,2,3764.3364032400086,29.395473
Curtice Advani,Australia,99% Dark & Pure,2025-01-07,2025,1,2024-01,1,5616.454991039985,116.685009
Mallorie Waber,UK,50% Dark Bites,2025-02-21,2025,2,2024-02,1,6272.953286579997,119.89043699999999
Ches Bonnell,Canada,Baker's Choco Chips,2025-03-21,2025,3,2024-03,1,9242.149946459978,320.69139599999994
Van Tuxwell,UK,Drinking Choco,2025-04-04,2025,4,2024-04,2,6747.981795180009,148.87196399999996
Gunar Cockshoot,Canada,Fruit & Nut Bars,2025-03-24,2025,3,2024-03,1,15374.832377010047,211.876668
Gunar Cockshoot,New Zealand,Spicy Special Slims,2025-06-28,2025,6,2024-06,2,7819.483351259993,189.417444
Gunar Cockshoot,Australia,Drinking Choco,2025-01-14,2025,1,2024-01,1,2652.3911554200017,179.514582
Karlen McCaffrey,New Zealand,Fruit & Nut Bars,2025-02-07,2025,2,2024-02,1,1396.3482269399974,146.138859
Dennison Crosswaite,New Zealand,Drinking Choco,2025-01-11,2025,1,2024-01,1,4675.550213759989,210.082902
Jehu Rudeforth,India,99% Dark & Pure,2025-02-25,2025,2,2024-02,1,2760.2918057400025,231.899979
Dotty Strutley,Australia,Mint Chip Choco,2025-08-01,2025,8,2024-08,3,7310.64145137001,58.77502499999999
Roddy Speechley,Australia,Mint Chip Choco,2025-05-05,2025,5,2024-05,2,7743.649133970001,269.90340599999996
Madelene Upcott,New Zealand,Raspberry Choco,2025-05-18,2025,5,2024-05,2,11029.783814099981,434.31957299999993
Dotty Strutley,New Zealand,Choco Coated Almonds,2025-01-04,2025,1,2024-01,1,6910.516312260001,315.034134
Roddy Speechley,New Zealand,50% Dark Bites,2025-05-09,2025,5,2024-05,2,4896.006602519992,222.09794999999997
Rafaelita Blaksland,India,Smooth Silky Salty,2025-05-06,2025,5,2024-05,2,2483.4612787800047,92.09237099999999
Husein Augar,UK,White Choc,2025-01-13,2025,1,2024-01,1,12421.00123343996,171.007461
Roddy Speechley,Australia,Almond Choco,2025-06-24,2025,6,2024-06,2,5315.948079630008,91.694346
Van Tuxwell,USA,Caramel Stuffed Bars,2025-02-14,2025,2,2024-02,1,1657.3121506500015,61.226859
Camilla Castle,Australia,99% Dark & Pure,2025-01-18,2025,1,2024-01,1,5279.8975224900005,127.99953299999999
Kaine Padly,India,Milk Bars,2025-05-02,2025,5,2024-05,2,3437.5814413199937,101.85725099999999
Ches Bonnell,Australia,Smooth Silky Salty,2025-05-16,2025,5,2024-05,2,9305.52725492999,65.578599
Mallorie Waber,USA,Almond Choco,2025-01-28,2025,1,2024-01,1,7512.684619860007,287.660628
Kaine Padly,Canada,99% Dark & Pure,2025-06-24,2025,6,2024-06,2,1494.56652111,428.12630399999995
Oby Sorrel,UK,After Nines,2025-07-18,2025,7,2024-07,3,2686.733919960005,125.54769899999998
Gunar Cockshoot,UK,Eclairs,2025-04-13,2025,4,2024-04,2,4352.396104410008,180.58128899999997
Dotty Strutley,USA,Caramel Stuffed Bars,2025-04-15,2025,4,2024-04,2,19342.891720380063,107.97622199999999
Jan Morforth,India,Peanut Butter Cubes,2025-01-04,2025,1,2024-01,1,9846.94739493001,195.61602
Husein Augar,Australia,Eclairs,2025-07-04,2025,7,2024-07,3,8197.335435929994,67.60587299999999
Beverie Moffet,USA,Smooth Silky Salty,2025-03-24,2025,3,2024-03,1,3643.360154039991,331.41153599999996
Camilla Castle,Australia,Manuka Honey Choco,2025-03-17,2025,3,2024-03,1,2382.2475015300047,196.799481
Oby Sorrel,Australia,Almond Choco,2025-02-15,2025,2,2024-02,1,7156.633531980013,196.78356
Jan Morforth,USA,Orange Choco,2025-06-29,2025,6,2024-06,2,1268.9942374200002,163.540512
Gigi Bohling,USA,Fruit & Nut Bars,2025-05-24,2025,5,2024-05,2,3202.690914749995,121.82218499999999
Mallorie Waber,UK,Milk Bars,2025-01-10,2025,1,2024-01,1,3965.059296269997,261.57672299999996
Curtice Advani,USA,Raspberry Choco,2025-03-15,2025,3,2024-03,1,3190.5798100499974,149.248761
Marney O'Breen,Canada,Milk Bars,2025-02-08,2025,2,2024-02,1,3127.1707126500023,297.027483
Brien Boise,India,Caramel Stuffed Bars,2025-02-25,2025,2,2024-02,1,1894.299579059999,140.078265
Gunar Cockshoot,USA,Eclairs,2025-05-03,2025,5,2024-05,2,7492.544714070023,62.60137199999999
Roddy Speechley,USA,Fruit & Nut Bars,2025-06-14,2025,6,2024-06,2,6526.86288053999,45.783488999999996
Gunar Cockshoot,India,50% Dark Bites,2025-08-09,2025,8,2024-08,3,14383.58943104997,147.757494
Wilone O'Kielt,New Zealand,Manuka Honey Choco,2025-07-11,2025,7,2024-07,3,4408.541563980004,246.568527
Kaine Padly,UK,Manuka Honey Choco,2025-01-14,2025,1,2024-01,1,8348.666239169977,124.94270099999999
Van Tuxwell,Canada,Manuka Honey Choco,2025-02-24,2025,2,2024-02,1,10636.584946830018,71.161563
Wilone O'Kielt,New Zealand,Almond Choco,2025-03-15,2025,3,2024-03,1,10219.98263412001,176.26139099999997
Oby Sorrel,New Zealand,Baker's Choco Chips,2025-04-25,2025,4,2024-04,2,14516.86321986,70.86437099999999
Dennison Crosswaite,Australia,Organic Choco Syrup,2025-05-10,2025,5,2024-05,2,7459.124465340009,54.50819699999999
Marney O'Breen,Australia,Spicy Special Slims,2025-06-23,2025,6,2024-06,2,15112.244670510034,297.59002499999997
Beverie Moffet,Canada,Smooth Silky Salty,2025-02-28,2025,2,2024-02,1,16725.56911482002,351.440154
Brien Boise,USA,Organic Choco Syrup,2025-05-25,2025,5,2024-05,2,18249.711918419966,164.55414899999997
Roddy Speechley,New Zealand,Baker's Choco Chips,2025-02-22,2025,2,2024-02,1,6680.3045960999925,201.63415799999999
Van Tuxwell,UK,85% Dark Bars,2025-07-11,2025,7,2024-07,3,4632.750426300006,157.76649599999996
Marney O'Breen,Canada,Spicy Special Slims,2025-01-03,2025,1,2024-01,1,4616.63189975999,315.803649
Rafaelita Blaksland,New Zealand,70% Dark Bites,2025-08-24,2025,8,2024-08,3,828.6882622800011,281.16486
Beverie Moffet,USA,50% Dark Bites,2025-07-28,2025,7,2024-07,3,2859.793385580005,331.84140299999996
Brien Boise,USA,Mint Chip Choco,2025-05-25,2025,5,2024-05,2,12535.504004040007,175.47064799999998
Karlen McCaffrey,New Zealand,Eclairs,2025-05-06,2025,5,2024-05,2,3020.061495240006,199.94653199999996
Barr Faughny,India,Drinking Choco,2025-01-28,2025,1,2024-01,1,3294.1184778600077,161.83165799999998
Marney O'Breen,UK,Orange Choco,2025-06-06,2025,6,2024-06,2,13420.814294490016,33.317346
Brien Boise,New Zealand,Baker's Choco Chips,2025-07-12,2025,7,2024-07,3,7155.999398549998,56.811434999999996
Ches Bonnell,Canada,Spicy Special Slims,2025-08-05,2025,8,2024-08,3,6182.524235519985,195.382512
Brien Boise,USA,Orange Choco,2025-01-28,2025,1,2024-01,1,7436.333659979999,165.886206
Kaine Padly,India,Spicy Special Slims,2025-08-31,2025,8,2024-08,3,6272.002325250009,158.54662499999998
Mallorie Waber,USA,50% Dark Bites,2025-04-19,2025,4,2024-04,2,2270.863071059994,26.795043
Mallorie Waber,UK,Mint Chip Choco,2025-06-29,2025,6,2024-06,2,7032.264358469999,31.141475999999997
Beverie Moffet,India,Choco Coated Almonds,2025-02-24,2025,2,2024-02,1,4072.7079702299893,242.54051399999997
Madelene Upcott,UK,Smooth Silky Salty,2025-03-04,2025,3,2024-03,1,17494.780182929968,125.21866499999999
Gigi Bohling,India,Eclairs,2025-06-21,2025,6,2024-06,2,4017.6031602900034,91.50329399999998
Rafaelita Blaksland,Australia,Organic Choco Syrup,2025-01-26,2025,1,2024-01,1,1109.2931807100003,128.121594
Oby Sorrel,New Zealand,White Choc,2025-06-10,2025,6,2024-06,2,5015.881649219988,79.307808
Andria Kimpton,UK,Drinking Choco,2025-05-23,2025,5,2024-05,2,1886.4846500700025,80.310831
Kelci Walkden,India,Milk Bars,2025-04-15,2025,4,2024-04,2,1294.4387019900034,120.909381
Karlen McCaffrey,New Zealand,Caramel Stuffed Bars,2025-01-31,2025,1,2024-01,1,6056.441007150011,267.94512299999997
Andria Kimpton,New Zealand,Organic Choco Syrup,2025-03-04,2025,3,2024-03,1,6010.952268930004,126.99120299999998
Barr Faughny,New Zealand,After Nines,2025-04-19,2025,4,2024-04,2,11946.319590359979,111.28778999999999
Beverie Moffet,UK,Almond Choco,2025-05-16,2025,5,2024-05,2,2905.2783027599976,111.17634299999999
Oby Sorrel,Australia,Raspberry Choco,2025-02-17,2025,2,2024-02,1,1658.8210899600008,138.39594599999998
Dennison Crosswaite,USA,Raspberry Choco,2025-01-18,2025,1,2024-01,1,8119.37682654,242.19555899999997
Roddy Speechley,Canada,Orange Choco,2025-02-09,2025,2,2024-02,1,8920.33850810999,112.78967099999998
Mallorie Waber,Canada,Orange Choco,2025-03-23,2025,3,2024-03,1,4684.021247159988,202.334682
Madelene Upcott,New Zealand,Caramel Stuffed Bars,2025-02-01,2025,2,2024-02,1,3409.4266918499975,167.31909599999997
Mallorie Waber,India,Drinking Choco,2025-03-07,2025,3,2024-03,1,4995.967131719986,155.845362
Ches Bonnell,UK,White Choc,2025-01-03,2025,1,2024-01,1,4008.2355623100098,209.97145499999996
Ches Bonnell,USA,White Choc,2025-02-11,2025,2,2024-02,1,6333.986705429996,305.927322
Dennison Crosswaite,New Zealand,Orange Choco,2025-03-16,2025,3,2024-03,1,5295.051660990009,156.58834199999998
Dotty Strutley,India,White Choc,2025-08-15,2025,8,2024-08,3,12855.067291049985,300.64155
Gigi Bohling,India,Manuka Honey Choco,2025-05-12,2025,5,2024-05,2,6106.078864110004,89.253126
Van Tuxwell,India,Spicy Special Slims,2025-04-11,2025,4,2024-04,2,7335.589021530023,28.397756999999995
Jan Morforth,New Zealand,Mint Chip Choco,2025-06-30,2025,6,2024-06,2,22008.86842431002,299.52177299999994
Dotty Strutley,New Zealand,White Choc,2025-06-15,2025,6,2024-06,2,9090.854540910026,81.61635299999999
Rafaelita Blaksland,Canada,Caramel Stuffed Bars,2025-08-01,2025,8,2024-08,3,8908.47842450999,127.72356899999998
Kaine Padly,USA,Milk Bars,2025-06-15,2025,6,2024-06,2,18076.214837580035,80.80438199999999
Brien Boise,India,After Nines,2025-06-16,2025,6,2024-06,2,6588.080823779987,69.97279499999999
Oby Sorrel,New Zealand,Raspberry Choco,2025-05-13,2025,5,2024-05,2,5440.509260399987,276.33549
Dennison Crosswaite,USA,Drinking Choco,2025-05-10,2025,5,2024-05,2,2550.831786330003,157.45338299999997
Oby Sorrel,India,Eclairs,2025-08-25,2025,8,2024-08,3,6882.3209111700135,316.27597199999997
Ches Bonnell,New Zealand,Organic Choco Syrup,2025-07-15,2025,7,2024-07,3,8395.004203529987,111.18164999999999
Gigi Bohling,UK,Baker's Choco Chips,2025-05-16,2025,5,2024-05,2,10187.754390659982,443.967699
Jan Morforth,Australia,50% Dark Bites,2025-06-14,2025,6,2024-06,2,4159.401795480004,187.766967
Beverie Moffet,Australia,Smooth Silky Salty,2025-01-25,2025,1,2024-01,1,10857.028068090029,422.80868999999996
Ches Bonnell,USA,Organic Choco Syrup,2025-07-28,2025,7,2024-07,3,9516.814899000019,64.62333899999999
Brien Boise,Canada,Mint Chip Choco,2025-01-28,2025,1,2024-01,1,5815.912589130005,214.56731699999997
Kaine Padly,UK,Orange Choco,2025-06-29,2025,6,2024-06,2,2392.82339727,207.10036799999997
Karlen McCaffrey,Australia,70% Dark Bites,2025-06-24,2025,6,2024-06,2,428.06559191999975,339.25528199999997
Gunar Cockshoot,Canada,Mint Chip Choco,2025-07-01,2025,7,2024-07,3,9077.539171769984,394.410933
Roddy Speechley,USA,Peanut Butter Cubes,2025-02-25,2025,2,2024-02,1,3173.7321017099925,143.639262
Curtice Advani,Canada,Smooth Silky Salty,2025-08-01,2025,8,2024-08,3,4682.6834055300105,50.713691999999995
Oby Sorrel,Australia,Milk Bars,2025-06-21,2025,6,2024-06,2,9394.644999360022,277.1899169999999
Camilla Castle,New Zealand,Spicy Special Slims,2025-01-25,2025,1,2024-01,1,11037.348995669998,88.60036499999998
Gigi Bohling,UK,Milk Bars,2025-05-17,2025,5,2024-05,2,1568.5493914499982,254.37512399999997
Andria Kimpton,Australia,85% Dark Bars,2025-08-23,2025,8,2024-08,3,5522.204581559981,249.20610599999998
Camilla Castle,Australia,Smooth Silky Salty,2025-03-03,2025,3,2024-03,1,8242.713523200006,136.400514
Roddy Speechley,India,Caramel Stuffed Bars,2025-05-30,2025,5,2024-05,2,10468.547070749992,545.166882
Karlen McCaffrey,USA,Drinking Choco,2025-06-29,2025,6,2024-06,2,320.60712084000005,249.16895699999998
Andria Kimpton,Canada,Organic Choco Syrup,2025-01-04,2025,1,2024-01,1,8538.570388139982,206.05488899999997
Jehu Rudeforth,Australia,Drinking Choco,2025-01-14,2025,1,2024-01,1,2966.8804728000023,92.92026299999999
Karlen McCaffrey,USA,Mint Chip Choco,2025-02-15,2025,2,2024-02,1,18848.336211419988,87.560193
Curtice Advani,New Zealand,Spicy Special Slims,2025-01-10,2025,1,2024-01,1,4258.153071660008,442.59318599999995
Madelene Upcott,USA,White Choc,2025-05-04,2025,5,2024-05,2,14822.445852209972,226.49214599999996
Andria Kimpton,USA,Spicy Special Slims,2025-05-23,2025,5,2024-05,2,2912.238592470006,17.311434
Barr Faughny,New Zealand,Fruit & Nut Bars,2025-04-26,2025,4,2024-04,2,2233.211975790007,167.77549799999997
Oby Sorrel,Canada,Organic Choco Syrup,2025-07-05,2025,7,2024-07,3,1808.7484039799958,85.039368
Madelene Upcott,UK,Organic Choco Syrup,2025-07-21,2025,7,2024-07,3,8479.195990559989,190.50007199999996
Dotty Strutley,USA,Mint Chip Choco,2025-02-21,2025,2,2024-02,1,6295.1943398100075,251.19623099999995
Kelci Walkden,USA,Orange Choco,2025-02-03,2025,2,2024-02,1,2421.8166527400044,152.71953899999997
Gigi Bohling,Australia,Caramel Stuffed Bars,2025-07-08,2025,7,2024-07,3,9196.482309270003,167.54198999999997
Mallorie Waber,India,50% Dark Bites,2025-05-31,2025,5,2024-05,2,866.18683437,156.620184
Van Tuxwell,New Zealand,Mint Chip Choco,2025-06-27,2025,6,2024-06,2,4673.331463200002,114.39769199999999
Van Tuxwell,India,50% Dark Bites,2025-05-13,2025,5,2024-05,2,6101.2459384200065,134.54837099999997
Van Tuxwell,USA,Manuka Honey Choco,2025-05-31,2025,5,2024-05,2,3075.465036209996,110.95344899999999
Wilone O'Kielt,USA,Orange Choco,2025-02-28,2025,2,2024-02,1,7066.7332704,77.604261
Barr Faughny,New Zealand,Eclairs,2025-03-28,2025,3,2024-03,1,7646.970612779992,76.59062399999999
Gigi Bohling,USA,After Nines,2025-01-14,2025,1,2024-01,1,2757.471719009999,206.75010599999996
Barr Faughny,New Zealand,Mint Chip Choco,2025-02-21,2025,2,2024-02,1,7281.295227330002,177.237879
Dennison Crosswaite,Canada,85% Dark Bars,2025-08-01,2025,8,2024-08,3,11513.99130990002,139.176075
Beverie Moffet,New Zealand,Smooth Silky Salty,2025-05-19,2025,5,2024-05,2,3420.069721140008,73.156995
Husein Augar,USA,White Choc,2025-07-13,2025,7,2024-07,3,4051.5210464100064,87.68756099999999
Andria Kimpton,Australia,Peanut Butter Cubes,2025-04-20,2025,4,2024-04,2,7753.979580960017,164.973402
Dennison Crosswaite,India,85% Dark Bars,2025-06-30,2025,6,2024-06,2,5269.430685600007,36.496238999999996
Curtice Advani,UK,50% Dark Bites,2025-03-08,2025,3,2024-03,1,4391.633249700003,176.054418
Gunar Cockshoot,USA,Fruit & Nut Bars,2025-03-09,2025,3,2024-03,1,7394.19443481,132.89789399999998
Oby Sorrel,Canada,Raspberry Choco,2025-06-16,2025,6,2024-06,2,2219.111966699999,227.229819
Gigi Bohling,UK,Drinking Choco,2025-06-30,2025,6,2024-06,2,6482.01819984,59.204891999999994
Kelci Walkden,India,Mint Chip Choco,2025-07-28,2025,7,2024-07,3,3564.27805275,123.26038199999998
Karlen McCaffrey,Canada,Peanut Butter Cubes,2025-08-12,2025,8,2024-08,3,3666.455421989991,166.178091
Barr Faughny,UK,Mint Chip Choco,2025-07-07,2025,7,2024-07,3,4373.361354840005,302.472465
Barr Faughny,USA,85% Dark Bars,2025-08-25,2025,8,2024-08,3,14175.44830727998,89.49194099999998
Husein Augar,Canada,Eclairs,2025-01-17,2025,1,2024-01,1,4803.769934189992,234.31466399999996
Jan Morforth,Australia,70% Dark Bites,2025-03-04,2025,3,2024-03,1,6507.680516759991,330.153777
Marney O'Breen,New Zealand,Fruit & Nut Bars,2025-08-25,2025,8,2024-08,3,9920.35100622002,31.550114999999998
Ches Bonnell,UK,Peanut Butter Cubes,2025-04-15,2025,4,2024-04,2,2988.3332242500046,278.09210699999994
Kaine Padly,USA,Organic Choco Syrup,2025-03-11,2025,3,2024-03,1,2780.0259383100006,57.368669999999995
Camilla Castle,USA,Raspberry Choco,2025-05-20,2025,5,2024-05,2,3931.3242893699894,33.168749999999996
Brien Boise,New Zealand,Manuka Honey Choco,2025-06-14,2025,6,2024-06,2,17087.842766340058,51.87061799999999
Jehu Rudeforth,New Zealand,After Nines,2025-04-14,2025,4,2024-04,2,1856.5619266200024,75.454926
Jehu Rudeforth,USA,Smooth Silky Salty,2025-07-07,2025,7,2024-07,3,7527.070994670006,179.74809
Madelene Upcott,India,Mint Chip Choco,2025-08-24,2025,8,2024-08,3,4160.972136780005,109.44626099999998
Jehu Rudeforth,India,Eclairs,2025-02-24,2025,2,2024-02,1,10553.468304930006,177.53507099999996
Karlen McCaffrey,Canada,Raspberry Choco,2025-05-09,2025,5,2024-05,2,1037.6989379999998,224.56039799999996
Kaine Padly,Australia,70% Dark Bites,2025-02-08,2025,2,2024-02,1,8021.040716970013,221.758302
Roddy Speechley,UK,70% Dark Bites,2025-03-24,2025,3,2024-03,1,1720.2476513700024,295.75380299999995
Rafaelita Blaksland,USA,Drinking Choco,2025-06-20,2025,6,2024-06,2,9453.542881409989,85.734585
Mallorie Waber,Canada,Manuka Honey Choco,2025-03-07,2025,3,2024-03,1,2477.542381679995,142.710537
Kaine Padly,Australia,Fruit & Nut Bars,2025-06-20,2025,6,2024-06,2,8480.613755609971,97.02257399999999
Oby Sorrel,New Zealand,Organic Choco Syrup,2025-02-17,2025,2,2024-02,1,16537.808834640018,250.53816299999997
Madelene Upcott,UK,99% Dark & Pure,2025-01-26,2025,1,2024-01,1,11859.695074529976,105.253731
Madelene Upcott,Australia,Mint Chip Choco,2025-05-02,2025,5,2024-05,2,3394.090894740009,167.28194699999997
Curtice Advani,Canada,99% Dark & Pure,2025-07-07,2025,7,2024-07,3,12701.65492320001,69.951567
Rafaelita Blaksland,Australia,Baker's Choco Chips,2025-08-22,2025,8,2024-08,3,3646.5189335100013,86.13261
Karlen McCaffrey,Australia,After Nines,2025-08-11,2025,8,2024-08,3,2653.251738540007,89.465406
Marney O'Breen,UK,99% Dark & Pure,2025-01-13,2025,1,2024-01,1,9706.981372980008,210.40662899999998
Gunar Cockshoot,Australia,50% Dark Bites,2025-03-02,2025,3,2024-03,1,12021.383072039986,129.570405
Marney O'Breen,Australia,Choco Coated Almonds,2025-07-27,2025,7,2024-07,3,12379.998024689983,74.96137499999999
Kelci Walkden,New Zealand,Drinking Choco,2025-03-10,2025,3,2024-03,1,17872.76547329998,126.51357299999998
Beverie Moffet,USA,85% Dark Bars,2025-08-23,2025,8,2024-08,3,14384.980979519976,310.629324
Roddy Speechley,USA,Eclairs,2025-04-25,2025,4,2024-04,2,4973.480470529989,180.438
Dennison Crosswaite,UK,Milk Bars,2025-03-07,2025,3,2024-03,1,12125.221850699994,356.678163
Wilone O'Kielt,UK,Organic Choco Syrup,2025-07-12,2025,7,2024-07,3,5582.576801279993,85.62844499999999
Madelene Upcott,USA,Orange Choco,2025-05-16,2025,5,2024-05,2,9613.62598904999,163.00450499999997
Gunar Cockshoot,India,Smooth Silky Salty,2025-03-02,2025,3,2024-03,1,4141.494013889992,107.92845899999999
Marney O'Breen,New Zealand,85% Dark Bars,2025-05-30,2025,5,2024-05,2,1544.8109151000008,172.376667
Marney O'Breen,UK,Manuka Honey Choco,2025-06-10,2025,6,2024-06,2,13100.32774868999,198.837369
Brien Boise,USA,99% Dark & Pure,2025-07-25,2025,7,2024-07,3,9155.340163260007,309.053145
Beverie Moffet,New Zealand,Mint Chip Choco,2025-06-09,2025,6,2024-06,2,5313.27807486002,110.74116899999999
Dennison Crosswaite,USA,Milk Bars,2025-05-12,2025,5,2024-05,2,1123.3899525299992,77.83776899999998
Gunar Cockshoot,USA,Drinking Choco,2025-05-09,2025,5,2024-05,2,4160.9328119100055,16.191657
Brien Boise,Canada,Manuka Honey Choco,2025-08-09,2025,8,2024-08,3,7655.522259509988,186.05280599999998
Van Tuxwell,India,Choco Coated Almonds,2025-04-13,2025,4,2024-04,2,6757.42273590001,129.841062
Andria Kimpton,USA,Caramel Stuffed Bars,2025-05-02,2025,5,2024-05,2,9704.26349907,64.78785599999999
Dotty Strutley,USA,99% Dark & Pure,2025-08-09,2025,8,2024-08,3,4411.308156150009,302.228343
Camilla Castle,Australia,Raspberry Choco,2025-08-23,2025,8,2024-08,3,6991.005723809998,197.192199
Gunar Cockshoot,India,Spicy Special Slims,2025-05-13,2025,5,2024-05,2,7572.18224598001,184.349259
Karlen McCaffrey,USA,Manuka Honey Choco,2025-02-01,2025,2,2024-02,1,11882.54898012001,94.20455699999998
Camilla Castle,USA,50% Dark Bites,2025-06-23,2025,6,2024-06,2,6980.417834250007,316.2972
Madelene Upcott,UK,Choco Coated Almonds,2025-05-24,2025,5,2024-05,2,11874.142798259967,159.87868199999997
Jan Morforth,Canada,Mint Chip Choco,2025-04-01,2025,4,2024-04,2,1925.8118020799996,225.112326
Camilla Castle,Canada,70% Dark Bites,2025-07-27,2025,7,2024-07,3,11562.06057687001,167.36685899999998
Ches Bonnell,India,Peanut Butter Cubes,2025-01-27,2025,1,2024-01,1,25485.47733135006,224.16767999999996
Jan Morforth,India,Choco Coated Almonds,2025-08-12,2025,8,2024-08,3,3044.9916053700017,145.862895
Gigi Bohling,Canada,Almond Choco,2025-02-01,2025,2,2024-02,1,10168.072797389996,97.930071
Rafaelita Blaksland,India,After Nines,2025-03-02,2025,3,2024-03,1,5335.946023170012,199.893462
Kelci Walkden,Australia,99% Dark & Pure,2025-06-30,2025,6,2024-06,2,3887.36216276999,50.310359999999996
Dotty Strutley,Australia,Spicy Special Slims,2025-01-17,2025,1,2024-01,1,8813.176379910019,122.039772
Brien Boise,USA,Milk Bars,2025-07-07,2025,7,2024-07,3,15493.750836959998,137.19656399999997
Mallorie Waber,New Zealand,Mint Chip Choco,2025-01-31,2025,1,2024-01,1,2395.741875779996,129.512028
Beverie Moffet,UK,99% Dark & Pure,2025-08-10,2025,8,2024-08,3,4081.0764193200016,129.17238
Beverie Moffet,USA,Peanut Butter Cubes,2025-08-18,2025,8,2024-08,3,15651.658286880009,302.79088499999995
Brien Boise,New Zealand,White Choc,2025-06-15,2025,6,2024-06,2,6528.272419739998,332.60561099999995
Marney O'Breen,USA,Baker's Choco Chips,2025-01-26,2025,1,2024-01,1,9561.09438419999,50.97373499999999
Kelci Walkden,USA,Spicy Special Slims,2025-04-29,2025,4,2024-04,2,133.3253728500003,79.132677
Mallorie Waber,Canada,White Choc,2025-03-03,2025,3,2024-03,1,3554.9738734200005,110.45989799999998
Kaine Padly,Australia,Almond Choco,2025-02-22,2025,2,2024-02,1,4737.878062979992,334.12872
Oby Sorrel,USA,Smooth Silky Salty,2025-03-04,2025,3,2024-03,1,5231.6170369199845,166.74063299999997
Dennison Crosswaite,India,Smooth Silky Salty,2025-07-07,2025,7,2024-07,3,4017.38138075999,56.731829999999995
Camilla Castle,New Zealand,Caramel Stuffed Bars,2025-06-17,2025,6,2024-06,2,5145.484161570015,359.437803
Jan Morforth,Canada,Caramel Stuffed Bars,2025-08-02,2025,8,2024-08,3,10229.124843809977,135.27012299999998
Oby Sorrel,USA,Baker's Choco Chips,2025-08-12,2025,8,2024-08,3,10015.986967260016,137.297397
Madelene Upcott,New Zealand,Peanut Butter Cubes,2025-01-28,2025,1,2024-01,1,6812.5571589000165,326.040852
Kelci Walkden,Australia,Orange Choco,2025-04-29,2025,4,2024-04,2,13585.987080480007,434.25058199999995
Marney O'Breen,Australia,Manuka Honey Choco,2025-04-05,2025,4,2024-04,2,15993.354258180034,237.10614599999997
Kaine Padly,Canada,Manuka Honey Choco,2025-01-18,2025,1,2024-01,1,10221.870493230024,159.18346499999998
Jehu Rudeforth,UK,Baker's Choco Chips,2025-05-16,2025,5,2024-05,2,2901.5563975200084,112.24304999999998
Kelci Walkden,Australia,White Choc,2025-08-24,2025,8,2024-08,3,10171.76583254999,185.41065899999998
Curtice Advani,India,85% Dark Bars,2025-01-18,2025,1,2024-01,1,631.4579059500011,383.298075
Kaine Padly,USA,Eclairs,2025-08-22,2025,8,2024-08,3,8275.17723825,75.73088999999999
Gunar Cockshoot,UK,99% Dark & Pure,2025-03-07,2025,3,2024-03,1,454.6763758800007,109.43564699999999
Beverie Moffet,UK,Choco Coated Almonds,2025-03-04,2025,3,2024-03,1,3520.3989807000003,91.996845
Dotty Strutley,Canada,Manuka Honey Choco,2025-04-22,2025,4,2024-04,2,13714.57521285003,121.08981899999998
Kaine Padly,Australia,Milk Bars,2025-06-09,2025,6,2024-06,2,4893.087487170014,99.71322299999999
Jan Morforth,Canada,Fruit & Nut Bars,2025-07-25,2025,7,2024-07,3,10058.549637960006,214.77959699999997
Jan Morforth,India,Smooth Silky Salty,2025-08-03,2025,8,2024-08,3,13900.592143530017,121.62582599999999
Rafaelita Blaksland,Australia,Manuka Honey Choco,2025-08-03,2025,8,2024-08,3,4942.968404729992,167.30317499999998
Jehu Rudeforth,UK,Milk Bars,2025-05-03,2025,5,2024-05,2,14223.115675140001,230.69528999999997
Husein Augar,Canada,After Nines,2025-01-19,2025,1,2024-01,1,11299.67803898998,264.649476
Roddy Speechley,USA,50% Dark Bites,2025-02-11,2025,2,2024-02,1,11533.630181819977,261.258303
Van Tuxwell,India,Almond Choco,2025-06-14,2025,6,2024-06,2,7777.774629930001,379.60440299999993
Kelci Walkden,USA,50% Dark Bites,2025-03-23,2025,3,2024-03,1,7064.855759939991,224.00847
Madelene Upcott,Canada,85% Dark Bars,2025-02-17,2025,2,2024-02,1,8548.986649320013,120.596268
Dennison Crosswaite,Canada,Smooth Silky Salty,2025-03-17,2025,3,2024-03,1,2774.423019990003,374.85463799999997
Mallorie Waber,Australia,Spicy Special Slims,2025-06-29,2025,6,2024-06,2,6808.055920710013,290.39904
Ches Bonnell,Canada,Choco Coated Almonds,2025-08-24,2025,8,2024-08,3,16673.859086640023,275.534133
Gigi Bohling,Canada,Spicy Special Slims,2025-07-04,2025,7,2024-07,3,13885.988128650004,249.97031399999997
Roddy Speechley,New Zealand,Almond Choco,2025-03-28,2025,3,2024-03,1,3597.2832940799985,122.81990099999999
Curtice Advani,India,Smooth Silky Salty,2025-04-19,2025,4,2024-04,2,21927.548308049973,152.76199499999998
Ches Bonnell,New Zealand,Mint Chip Choco,2025-01-18,2025,1,2024-01,1,9620.08805759999,218.64839999999998
Van Tuxwell,New Zealand,Fruit & Nut Bars,2025-01-17,2025,1,2024-01,1,4022.4031825799957,136.40582099999997
Andria Kimpton,New Zealand,Mint Chip Choco,2025-02-15,2025,2,2024-02,1,10661.620347839984,201.43779899999998
Andria Kimpton,UK,Milk Bars,2025-02-11,2025,2,2024-02,1,17854.459189079964,270.396957
Camilla Castle,USA,Manuka Honey Choco,2025-03-21,2025,3,2024-03,1,17540.97305390995,190.16573099999997
Gunar Cockshoot,New Zealand,Almond Choco,2025-01-05,2025,1,2024-01,1,6202.707340290005,144.66351299999997
Brien Boise,India,Raspberry Choco,2025-05-30,2025,5,2024-05,2,7603.715484720008,169.808079
Jehu Rudeforth,USA,99% Dark & Pure,2025-01-04,2025,1,2024-01,1,4049.6274557399906,230.42463299999997
Beverie Moffet,Australia,Fruit & Nut Bars,2025-04-22,2025,4,2024-04,2,1944.1595870399938,272.392389
Gigi Bohling,Canada,Milk Bars,2025-02-10,2025,2,2024-02,1,3158.73319296,156.86961299999996
Dotty Strutley,India,Spicy Special Slims,2025-08-12,2025,8,2024-08,3,1726.2292241399941,216.75910799999997
Gunar Cockshoot,USA,Organic Choco Syrup,2025-08-10,2025,8,2024-08,3,3458.7866212199956,280.257363
Kelci Walkden,Australia,Raspberry Choco,2025-06-07,2025,6,2024-06,2,1089.536758740002,73.50725699999998
Jehu Rudeforth,India,Baker's Choco Chips,2025-06-06,2025,6,2024-06,2,2583.1719013499965,86.27589899999998
Karlen McCaffrey,New Zealand,Baker's Choco Chips,2025-04-05,2025,4,2024-04,2,6113.61453875999,210.08820899999998
Wilone O'Kielt,USA,50% Dark Bites,2025-04-18,2025,4,2024-04,2,5382.840691829982,126.12085499999999
Andria Kimpton,India,50% Dark Bites,2025-01-31,2025,1,2024-01,1,12033.921814799995,64.83031199999999
Madelene Upcott,USA,Baker's Choco Chips,2025-08-22,2025,8,2024-08,3,7016.700307289995,173.300085
Jehu Rudeforth,Australia,99% Dark & Pure,2025-02-25,2025,2,2024-02,1,10354.632687240019,208.54387199999996
Jan Morforth,Australia,Mint Chip Choco,2025-02-22,2025,2,2024-02,1,20675.970742440022,121.50907199999999
Oby Sorrel,New Zealand,Milk Bars,2025-01-12,2025,1,2024-01,1,5751.508110810001,216.29739899999998
Brien Boise,UK,Almond Choco,2025-05-25,2025,5,2024-05,2,262.15752108000055,130.88123399999998
Kelci Walkden,India,Smooth Silky Salty,2025-02-01,2025,2,2024-02,1,3870.9777024599866,44.759237999999996
Rafaelita Blaksland,UK,Eclairs,2025-04-27,2025,4,2024-04,2,2078.955476519999,79.68460499999999
Gigi Bohling,USA,Smooth Silky Salty,2025-07-22,2025,7,2024-07,3,3491.0545610399977,121.609905
Curtice Advani,New Zealand,Mint Chip Choco,2025-01-26,2025,1,2024-01,1,4739.085989250004,248.47373999999996
Curtice Advani,USA,Mint Chip Choco,2025-08-24,2025,8,2024-08,3,5724.864635729987,267.854904
Madelene Upcott,New Zealand,Fruit & Nut Bars,2025-01-18,2025,1,2024-01,1,7373.6825083199965,54.13139999999999
Karlen McCaffrey,India,85% Dark Bars,2025-03-30,2025,3,2024-03,1,1376.9588370900012,106.81398899999999
Ches Bonnell,Australia,Caramel Stuffed Bars,2025-01-17,2025,1,2024-01,1,8692.898160420002,153.977298
Kelci Walkden,USA,Fruit & Nut Bars,2025-02-17,2025,2,2024-02,1,6039.98060367,166.894536
Kelci Walkden,Canada,Peanut Butter Cubes,2025-04-08,2025,4,2024-04,2,8630.424050280006,62.707511999999994
Gigi Bohling,Canada,Drinking Choco,2025-07-06,2025,7,2024-07,3,4096.059778560007,105.77912399999998
Husein Augar,India,Fruit & Nut Bars,2025-04-04,2025,4,2024-04,2,4733.091308190012,234.90904799999998
Jan Morforth,New Zealand,Organic Choco Syrup,2025-03-02,2025,3,2024-03,1,2020.9461985500018,226.27455899999998
Gigi Bohling,New Zealand,Raspberry Choco,2025-08-09,2025,8,2024-08,3,1532.5823664899974,193.04212499999997
Dennison Crosswaite,Australia,Milk Bars,2025-06-09,2025,6,2024-06,2,11919.95934987001,285.5166
Ches Bonnell,UK,Caramel Stuffed Bars,2025-06-02,2025,6,2024-06,2,3331.6591875299987,315.1986509999999
Van Tuxwell,USA,Fruit & Nut Bars,2025-07-05,2025,7,2024-07,3,6589.772589240001,242.95445999999998
Andria Kimpton,Canada,Eclairs,2025-08-11,2025,8,2024-08,3,665.3087115899996,123.106479
Madelene Upcott,India,Choco Coated Almonds,2025-02-11,2025,2,2024-02,1,3896.855748929998,169.054485
Kelci Walkden,New Zealand,Spicy Special Slims,2025-08-11,2025,8,2024-08,3,693.847581720002,93.88082999999999
Roddy Speechley,Australia,Drinking Choco,2025-05-12,2025,5,2024-05,2,14520.43191201002,119.317281
Wilone O'Kielt,USA,Milk Bars,2025-07-15,2025,7,2024-07,3,5562.484605420013,118.11789899999998
Andria Kimpton,India,Organic Choco Syrup,2025-01-18,2025,1,2024-01,1,4875.546207000008,151.67406
Madelene Upcott,UK,Fruit & Nut Bars,2025-01-05,2025,1,2024-01,1,9796.184188620002,192.198312
Curtice Advani,Australia,50% Dark Bites,2025-06-29,2025,6,2024-06,2,754.0152165900016,242.70503099999996
Brien Boise,Canada,Raspberry Choco,2025-06-14,2025,6,2024-06,2,3307.0492487099937,59.252655
Gunar Cockshoot,India,Mint Chip Choco,2025-08-08,2025,8,2024-08,3,5131.399012079991,110.40682799999999
Dennison Crosswaite,India,Mint Chip Choco,2025-03-23,2025,3,2024-03,1,15401.148091770028,149.04709499999998
Barr Faughny,India,Caramel Stuffed Bars,2025-01-04,2025,1,2024-01,1,6787.905984690009,148.781745
Brien Boise,India,Milk Bars,2025-02-22,2025,2,2024-02,1,14457.406988339986,257.03923799999995
Beverie Moffet,UK,Spicy Special Slims,2025-02-17,2025,2,2024-02,1,8380.695098640004,213.856179
Barr Faughny,USA,Almond Choco,2025-02-03,2025,2,2024-02,1,816.6333056399991,99.086997
Van Tuxwell,Canada,Raspberry Choco,2025-03-17,2025,3,2024-03,1,2053.257974190001,153.52089599999996
Wilone O'Kielt,Australia,Baker's Choco Chips,2025-01-25,2025,1,2024-01,1,3221.350485959993,155.877204
Brien Boise,Australia,Milk Bars,2025-07-27,2025,7,2024-07,3,3204.9672993300032,95.21819399999998
Husein Augar,Australia,Fruit & Nut Bars,2025-01-28,2025,1,2024-01,1,8595.38734242,103.42812299999999
Madelene Upcott,Australia,Organic Choco Syrup,2025-07-05,2025,7,2024-07,3,11695.344608190018,73.85751899999998
Van Tuxwell,India,White Choc,2025-03-15,2025,3,2024-03,1,2176.793471069996,64.39513799999999
Gunar Cockshoot,Canada,After Nines,2025-08-04,2025,8,2024-08,3,3832.9071949799945,215.00249099999996
Jan Morforth,USA,Fruit & Nut Bars,2025-06-27,2025,6,2024-06,2,5462.185489619984,377.89024199999994
Jan Morforth,Canada,After Nines,2025-07-13,2025,7,2024-07,3,5573.339224800004,223.79618999999997
Barr Faughny,New Zealand,Manuka Honey Choco,2025-02-24,2025,2,2024-02,1,6643.795408019999,226.98038999999997
Karlen McCaffrey,New Zealand,85% Dark Bars,2025-06-28,2025,6,2024-06,2,6652.798998870013,76.914351
Oby Sorrel,Australia,85% Dark Bars,2025-06-30,2025,6,2024-06,2,7929.851385090028,43.793364
Curtice Advani,Canada,Choco Coated Almonds,2025-08-18,2025,8,2024-08,3,7202.7661154399975,57.119240999999995
Kaine Padly,India,70% Dark Bites,2025-01-24,2025,1,2024-01,1,13608.174214589992,305.96977799999996
Beverie Moffet,USA,White Choc,2025-03-11,2025,3,2024-03,1,6244.823904569989,155.18729399999998
Ches Bonnell,New Zealand,After Nines,2025-06-23,2025,6,2024-06,2,6927.977509799998,352.979184
Husein Augar,India,Spicy Special Slims,2025-08-22,2025,8,2024-08,3,2958.216636089996,66.10399199999999
Gunar Cockshoot,Canada,50% Dark Bites,2025-01-04,2025,1,2024-01,1,4684.646836319992,53.526402
Curtice Advani,India,Milk Bars,2025-04-05,2025,4,2024-04,2,3875.769923460008,217.94787599999998
Beverie Moffet,India,Milk Bars,2025-04-15,2025,4,2024-04,2,2148.3984737100022,331.591974
Husein Augar,Australia,White Choc,2025-05-11,2025,5,2024-05,2,3924.8479980600096,230.58384299999997
Andria Kimpton,Canada,Manuka Honey Choco,2025-07-21,2025,7,2024-07,3,5962.528971989992,462.19724399999996
Jan Morforth,New Zealand,Orange Choco,2025-02-11,2025,2,2024-02,1,1499.599679909998,110.417442
Andria Kimpton,Canada,Smooth Silky Salty,2025-07-08,2025,7,2024-07,3,1295.5500408600014,86.153838
Gunar Cockshoot,UK,Raspberry Choco,2025-08-11,2025,8,2024-08,3,7300.968753960002,332.28719099999995
Husein Augar,New Zealand,After Nines,2025-08-04,2025,8,2024-08,3,6987.622299029986,61.295849999999994
Andria Kimpton,New Zealand,Orange Choco,2025-06-14,2025,6,2024-06,2,9605.091536999988,114.25971
Dennison Crosswaite,UK,Baker's Choco Chips,2025-01-17,2025,1,2024-01,1,4063.918463759994,289.68790199999995
Jehu Rudeforth,Canada,Orange Choco,2025-06-23,2025,6,2024-06,2,4579.595248950001,538.1934839999999
Jehu Rudeforth,UK,Smooth Silky Salty,2025-08-24,2025,8,2024-08,3,2246.340432389997,124.73042099999999
Andria Kimpton,UK,Caramel Stuffed Bars,2025-06-07,2025,6,2024-06,2,9315.63220748997,277.683468
Jan Morforth,UK,White Choc,2025-06-22,2025,6,2024-06,2,9714.021214620034,58.16471999999999
Dotty Strutley,USA,Fruit & Nut Bars,2025-07-13,2025,7,2024-07,3,3057.592546170006,257.999805
Kelci Walkden,UK,Choco Coated Almonds,2025-05-24,2025,5,2024-05,2,11452.299716909974,216.93423899999996
Gunar Cockshoot,New Zealand,After Nines,2025-08-09,2025,8,2024-08,3,7468.629461550007,159.029562
Kaine Padly,Canada,85% Dark Bars,2025-04-06,2025,4,2024-04,2,1948.782143250003,41.102714999999996
Jan Morforth,New Zealand,Manuka Honey Choco,2025-07-28,2025,7,2024-07,3,2060.2439497799974,254.37512399999997
Gunar Cockshoot,New Zealand,Raspberry Choco,2025-08-24,2025,8,2024-08,3,930.1434549599986,73.040241
Van Tuxwell,Australia,99% Dark & Pure,2025-01-17,2025,1,2024-01,1,1102.4179622099978,144.15404099999998
Curtice Advani,USA,Drinking Choco,2025-02-07,2025,2,2024-02,1,6199.377303929997,176.06503199999997
Brien Boise,Australia,Spicy Special Slims,2025-05-09,2025,5,2024-05,2,7049.404164089982,268.53950699999996
Mallorie Waber,New Zealand,85% Dark Bars,2025-06-06,2025,6,2024-06,2,8762.019234989979,115.81466099999999
Wilone O'Kielt,USA,Choco Coated Almonds,2025-06-06,2025,6,2024-06,2,10657.319979600008,20.814054
Beverie Moffet,New Zealand,Organic Choco Syrup,2025-05-24,2025,5,2024-05,2,7654.805443020013,234.28282199999995
Gunar Cockshoot,UK,50% Dark Bites,2025-01-13,2025,1,2024-01,1,2801.284400489999,138.64006799999999
Marney O'Breen,USA,Raspberry Choco,2025-05-23,2025,5,2024-05,2,7172.811443850022,160.81802099999996
Jehu Rudeforth,UK,White Choc,2025-06-29,2025,6,2024-06,2,2346.9375362399965,305.91140099999996
Jehu Rudeforth,New Zealand,85% Dark Bars,2025-03-11,2025,3,2024-03,1,7596.180340770001,131.491539
Dotty Strutley,USA,85% Dark Bars,2025-04-25,2025,4,2024-04,2,11854.978319069975,502.562286
Rafaelita Blaksland,Australia,Smooth Silky Salty,2025-05-30,2025,5,2024-05,2,4901.135977230002,246.32440499999996
Curtice Advani,India,Manuka Honey Choco,2025-05-23,2025,5,2024-05,2,1856.5161802799992,185.049783
Mallorie Waber,USA,Peanut Butter Cubes,2025-05-23,2025,5,2024-05,2,1354.7464416600017,31.364369999999997
Van Tuxwell,Canada,Peanut Butter Cubes,2025-06-24,2025,6,2024-06,2,7808.592432000018,314.301768
Kelci Walkden,New Zealand,Smooth Silky Salty,2025-03-11,2025,3,2024-03,1,11497.48478858998,250.97864399999997
Rafaelita Blaksland,USA,Smooth Silky Salty,2025-07-27,2025,7,2024-07,3,16493.784616139976,231.33212999999998
Rafaelita Blaksland,USA,White Choc,2025-08-16,2025,8,2024-08,3,5698.404092939997,136.52788199999998
Roddy Speechley,Canada,Smooth Silky Salty,2025-03-07,2025,3,2024-03,1,9239.779893330013,86.159145
Curtice Advani,New Zealand,After Nines,2025-04-05,2025,4,2024-04,2,9065.80215750002,53.383112999999994
Camilla Castle,India,85% Dark Bars,2025-05-04,2025,5,2024-05,2,10234.917062820014,72.26541899999998
Ches Bonnell,USA,Choco Coated Almonds,2025-01-04,2025,1,2024-01,1,16614.00557309997,101.07181499999999
Marney O'Breen,Australia,Baker's Choco Chips,2025-01-13,2025,1,2024-01,1,7001.195057669995,136.347444
Wilone O'Kielt,New Zealand,Fruit & Nut Bars,2025-07-11,2025,7,2024-07,3,7190.588460960008,116.154309
Kaine Padly,Australia,Mint Chip Choco,2025-05-17,2025,5,2024-05,2,5122.473646409998,164.06059799999997
Camilla Castle,New Zealand,Peanut Butter Cubes,2025-07-21,2025,7,2024-07,3,2145.2207482500035,86.12730299999998
Curtice Advani,Canada,Organic Choco Syrup,2025-02-22,2025,2,2024-02,1,1366.8381758100004,85.235727
Jan Morforth,India,99% Dark & Pure,2025-05-23,2025,5,2024-05,2,11220.781841910011,185.71846499999998
Rafaelita Blaksland,Canada,Drinking Choco,2025-07-12,2025,7,2024-07,3,11152.7883987,202.58411099999998
Jan Morforth,UK,Orange Choco,2025-06-15,2025,6,2024-06,2,4247.230257329992,206.771334
Barr Faughny,New Zealand,50% Dark Bites,2025-06-23,2025,6,2024-06,2,5279.933238599988,319.44425099999995
Curtice Advani,Australia,Eclairs,2025-03-25,2025,3,2024-03,1,6949.669766159993,89.19474899999999
Jan Morforth,India,Caramel Stuffed Bars,2025-07-04,2025,7,2024-07,3,1075.7602112999998,177.407703
Andria Kimpton,UK,White Choc,2025-05-12,2025,5,2024-05,2,10499.280809939977,119.009475
Camilla Castle,New Zealand,Raspberry Choco,2025-04-04,2025,4,2024-04,2,5457.502433610012,153.117564
Madelene Upcott,Australia,Orange Choco,2025-04-15,2025,4,2024-04,2,8126.672253300029,399.335829
Roddy Speechley,Canada,Eclairs,2025-03-08,2025,3,2024-03,1,6899.5389419700105,135.34972799999997
Karlen McCaffrey,India,White Choc,2025-01-17,2025,1,2024-01,1,8882.651166029997,199.98898799999998
Wilone O'Kielt,India,Mint Chip Choco,2025-08-22,2025,8,2024-08,3,2379.3847465200006,79.59438599999999
Andria Kimpton,UK,99% Dark & Pure,2025-07-25,2025,7,2024-07,3,1372.4832317100017,108.719202
Marney O'Breen,UK,50% Dark Bites,2025-06-14,2025,6,2024-06,2,3522.523319730004,142.461108
Ches Bonnell,India,Choco Coated Almonds,2025-04-05,2025,4,2024-04,2,11016.635137830008,99.13476
Madelene Upcott,UK,Raspberry Choco,2025-08-26,2025,8,2024-08,3,8674.812328979977,320.319906
Wilone O'Kielt,Australia,50% Dark Bites,2025-08-03,2025,8,2024-08,3,10098.510711120016,113.58041399999999
Gigi Bohling,Canada,White Choc,2025-07-11,2025,7,2024-07,3,7476.006244620006,44.732703
Wilone O'Kielt,New Zealand,Eclairs,2025-03-11,2025,3,2024-03,1,4119.965319270001,56.933496
Brien Boise,UK,Peanut Butter Cubes,2025-01-10,2025,1,2024-01,1,17186.102720460003,57.05024999999999
Roddy Speechley,UK,Baker's Choco Chips,2025-04-04,2025,4,2024-04,2,17006.91589878001,358.88587499999994
Karlen McCaffrey,Australia,50% Dark Bites,2025-01-17,2025,1,2024-01,1,7028.42824658998,637.673199
Marney O'Breen,New Zealand,Organic Choco Syrup,2025-07-08,2025,7,2024-07,3,9354.038382719998,90.60641099999998
Jan Morforth,UK,Organic Choco Syrup,2025-04-12,2025,4,2024-04,2,1480.911079409998,380.59681199999994
Rafaelita Blaksland,Canada,Fruit & Nut Bars,2025-08-24,2025,8,2024-08,3,797.5281056400005,199.35214799999997
Ches Bonnell,UK,Choco Coated Almonds,2025-06-07,2025,6,2024-06,2,2370.1729089900027,263.609304
Gunar Cockshoot,Canada,Almond Choco,2025-07-28,2025,7,2024-07,3,2320.2652441499954,71.18809799999998
Husein Augar,USA,99% Dark & Pure,2025-02-21,2025,2,2024-02,1,9134.48667825,128.92295099999998
Dennison Crosswaite,Canada,Mint Chip Choco,2025-04-08,2025,4,2024-04,2,2043.5384690400049,313.574709
Brien Boise,UK,Manuka Honey Choco,2025-06-28,2025,6,2024-06,2,913.3481797800013,108.023985
Van Tuxwell,UK,Baker's Choco Chips,2025-03-24,2025,3,2024-03,1,3217.4718119399986,49.450626
Barr Faughny,Australia,Caramel Stuffed Bars,2025-07-29,2025,7,2024-07,3,3614.6749168500046,83.367663
Dennison Crosswaite,USA,Eclairs,2025-05-25,2025,5,2024-05,2,2546.05177143,105.800352
Gigi Bohling,Australia,Raspberry Choco,2025-03-30,2025,3,2024-03,1,6718.312268699984,286.16405399999996
Dennison Crosswaite,USA,Organic Choco Syrup,2025-07-18,2025,7,2024-07,3,14341.395649919992,152.539101
Beverie Moffet,Canada,Orange Choco,2025-05-10,2025,5,2024-05,2,10055.08225643998,125.091297
Mallorie Waber,Australia,Choco Coated Almonds,2025-03-18,2025,3,2024-03,1,18408.766635599957,164.69743799999998
Ches Bonnell,India,Caramel Stuffed Bars,2025-06-15,2025,6,2024-06,2,7812.377225190014,87.04010699999999
Van Tuxwell,Canada,50% Dark Bites,2025-05-12,2025,5,2024-05,2,15112.349006130034,73.862826
Kelci Walkden,New Zealand,Baker's Choco Chips,2025-06-23,2025,6,2024-06,2,3454.076234160001,131.68259099999997
Beverie Moffet,India,Spicy Special Slims,2025-04-21,2025,4,2024-04,2,4176.694177349998,184.47662699999998
Gigi Bohling,Australia,Almond Choco,2025-08-17,2025,8,2024-08,3,1630.883821350002,137.833404
Rafaelita Blaksland,New Zealand,Eclairs,2025-02-07,2025,2,2024-02,1,21412.845569640056,69.022842
Kelci Walkden,Canada,Smooth Silky Salty,2025-03-17,2025,3,2024-03,1,9403.024327800009,134.198109
Jan Morforth,India,Baker's Choco Chips,2025-08-01,2025,8,2024-08,3,14739.133010520009,98.20072799999998
Jehu Rudeforth,Australia,Milk Bars,2025-03-18,2025,3,2024-03,1,9770.880359549967,62.21926799999999
Gigi Bohling,Canada,Fruit & Nut Bars,2025-06-14,2025,6,2024-06,2,6614.01549594,113.97313199999998
Beverie Moffet,UK,Eclairs,2025-04-22,2025,4,2024-04,2,9741.77204832002,164.777043
Marney O'Breen,New Zealand,Eclairs,2025-01-18,2025,1,2024-01,1,5815.7426059200025,88.64812799999999
Husein Augar,Australia,99% Dark & Pure,2025-08-26,2025,8,2024-08,3,3680.9745779399886,143.71356
Gunar Cockshoot,New Zealand,Fruit & Nut Bars,2025-06-10,2025,6,2024-06,2,10602.03600534002,421.657071
Curtice Advani,Canada,70% Dark Bites,2025-01-31,2025,1,2024-01,1,2869.3829753700034,43.62354
Kelci Walkden,New Zealand,Manuka Honey Choco,2025-04-08,2025,4,2024-04,2,1867.4425502999977,112.86396899999998
Dotty Strutley,Australia,Baker's Choco Chips,2025-06-07,2025,6,2024-06,2,4017.777654449997,97.266696
Barr Faughny,Australia,85% Dark Bars,2025-02-10,2025,2,2024-02,1,9709.318098149988,83.74446
Beverie Moffet,Australia,50% Dark Bites,2025-05-16,2025,5,2024-05,2,897.5484978000019,459.299622
Gunar Cockshoot,India,Baker's Choco Chips,2025-03-18,2025,3,2024-03,1,2605.917278790001,462.61118999999997
Van Tuxwell,Australia,50% Dark Bites,2025-07-13,2025,7,2024-07,3,2487.1491130799945,127.40514899999998
Oby Sorrel,USA,Manuka Honey Choco,2025-07-25,2025,7,2024-07,3,5373.811574310007,123.88660799999998
Van Tuxwell,Canada,Choco Coated Almonds,2025-08-19,2025,8,2024-08,3,3138.8763625499946,291.953991
Karlen McCaffrey,Canada,70% Dark Bites,2025-06-24,2025,6,2024-06,2,9040.196360129974,628.173669
Kelci Walkden,Canada,Fruit & Nut Bars,2025-06-20,2025,6,2024-06,2,1731.092240519998,159.71947199999997
Camilla Castle,India,99% Dark & Pure,2025-08-02,2025,8,2024-08,3,558.2581365300011,221.45049599999996
Madelene Upcott,New Zealand,70% Dark Bites,2025-02-22,2025,2,2024-02,1,13991.611916760017,134.405082
Mallorie Waber,New Zealand,Orange Choco,2025-02-01,2025,2,2024-02,1,6755.08468397999,66.188904
Jan Morforth,Canada,70% Dark Bites,2025-02-14,2025,2,2024-02,1,6772.05424104001,261.68817
Kelci Walkden,Australia,Milk Bars,2025-02-24,2025,2,2024-02,1,9004.582462949978,144.39285599999997
Dennison Crosswaite,India,Orange Choco,2025-03-18,2025,3,2024-03,1,1272.8473847700013,137.483142
Husein Augar,UK,Eclairs,2025-08-30,2025,8,2024-08,3,2367.398993160003,230.573229
Gigi Bohling,USA,Peanut Butter Cubes,2025-05-09,2025,5,2024-05,2,455.8482676199993,78.93101099999998
Wilone O'Kielt,USA,Smooth Silky Salty,2025-01-18,2025,1,2024-01,1,909.6818918999996,109.47279599999999
Curtice Advani,India,White Choc,2025-07-04,2025,7,2024-07,3,7915.757054490015,329.17198199999996
Oby Sorrel,New Zealand,Spicy Special Slims,2025-06-03,2025,6,2024-06,2,2601.674013870002,27.102849
Beverie Moffet,New Zealand,Peanut Butter Cubes,2025-02-23,2025,2,2024-02,1,11442.271291289995,70.535337
Dotty Strutley,New Zealand,99% Dark & Pure,2025-05-09,2025,5,2024-05,2,12705.081387750028,226.29047999999997
Kelci Walkden,India,70% Dark Bites,2025-06-06,2025,6,2024-06,2,4135.605844319989,123.63187199999999
Kelci Walkden,India,Drinking Choco,2025-07-04,2025,7,2024-07,3,8671.173478290017,233.08343999999997
Brien Boise,New Zealand,Drinking Choco,2025-06-06,2025,6,2024-06,2,2066.2241958000022,112.98602999999999
Dotty Strutley,Australia,Almond Choco,2025-05-13,2025,5,2024-05,2,2044.3442839199918,99.07638299999999
Wilone O'Kielt,New Zealand,Organic Choco Syrup,2025-01-31,2025,1,2024-01,1,2275.1807401200053,253.94525699999997
Ches Bonnell,New Zealand,Caramel Stuffed Bars,2025-06-30,2025,6,2024-06,2,8900.955805079984,54.991133999999995
Barr Faughny,Canada,Manuka Honey Choco,2025-08-25,2025,8,2024-08,3,4178.66519714999,262.15518599999996
Gigi Bohling,New Zealand,Smooth Silky Salty,2025-01-10,2025,1,2024-01,1,988.6297791600006,118.43631899999998
Brien Boise,USA,Manuka Honey Choco,2025-08-22,2025,8,2024-08,3,2504.8905202200053,23.510009999999998
Roddy Speechley,New Zealand,85% Dark Bars,2025-04-14,2025,4,2024-04,2,5607.163813860012,278.755482
Oby Sorrel,UK,Smooth Silky Salty,2025-05-31,2025,5,2024-05,2,11586.16863269998,332.54723399999995
Oby Sorrel,UK,Raspberry Choco,2025-04-08,2025,4,2024-04,2,5520.728014949986,340.162779
Roddy Speechley,USA,Drinking Choco,2025-02-21,2025,2,2024-02,1,4507.640236380002,164.12428199999997
Andria Kimpton,Australia,Manuka Honey Choco,2025-03-30,2025,3,2024-03,1,10419.886922399997,352.867737
Mallorie Waber,India,Raspberry Choco,2025-03-02,2025,3,2024-03,1,1864.2430661400028,48.92523299999999
Jehu Rudeforth,USA,Orange Choco,2025-07-28,2025,7,2024-07,3,1081.1990371800011,181.89742499999997
Kaine Padly,New Zealand,70% Dark Bites,2025-03-24,2025,3,2024-03,1,8881.313165189982,75.667206
Curtice Advani,Australia,After Nines,2025-08-11,2025,8,2024-08,3,680.4921447300022,128.392251
Husein Augar,UK,Almond Choco,2025-05-17,2025,5,2024-05,2,10125.787311300037,181.568391
Kaine Padly,Canada,Choco Coated Almonds,2025-05-18,2025,5,2024-05,2,3915.493349160008,181.54185599999997
Roddy Speechley,UK,Peanut Butter Cubes,2025-08-17,2025,8,2024-08,3,7679.651755620008,174.791352
Ches Bonnell,New Zealand,Eclairs,2025-04-04,2025,4,2024-04,2,714.4934568899995,59.57107499999999
Brien Boise,India,85% Dark Bars,2025-08-09,2025,8,2024-08,3,20797.30622246996,211.92973799999996
Brien Boise,New Zealand,Organic Choco Syrup,2025-01-17,2025,1,2024-01,1,1682.1894561300026,306.94095899999996
Andria Kimpton,Canada,White Choc,2025-02-14,2025,2,2024-02,1,4917.496662180003,82.290342
Gigi Bohling,New Zealand,Orange Choco,2025-05-16,2025,5,2024-05,2,10112.716435649982,296.454327
Ches Bonnell,Canada,Smooth Silky Salty,2025-03-16,2025,3,2024-03,1,11181.203721870022,138.35349
Husein Augar,Canada,70% Dark Bites,2025-01-31,2025,1,2024-01,1,6597.005871030001,257.88305099999997
Barr Faughny,Canada,Organic Choco Syrup,2025-03-10,2025,3,2024-03,1,1557.7691231400013,208.87821299999996
Oby Sorrel,UK,Organic Choco Syrup,2025-06-30,2025,6,2024-06,2,8948.254018019987,180.008133
Van Tuxwell,New Zealand,Eclairs,2025-03-01,2025,3,2024-03,1,6044.199987089995,205.53480299999998
Mallorie Waber,UK,Drinking Choco,2025-05-27,2025,5,2024-05,2,4099.249232490009,112.370418
Oby Sorrel,UK,Milk Bars,2025-07-11,2025,7,2024-07,3,7018.97085417001,239.35631399999997
Karlen McCaffrey,New Zealand,Mint Chip Choco,2025-03-02,2025,3,2024-03,1,5049.373967010004,81.520827
Jehu Rudeforth,USA,Raspberry Choco,2025-03-04,2025,3,2024-03,1,8535.723660269983,147.062277
Kelci Walkden,UK,85% Dark Bars,2025-06-23,2025,6,2024-06,2,4934.113250670004,244.180377
Kelci Walkden,USA,Almond Choco,2025-01-27,2025,1,2024-01,1,5732.045059800003,210.86303099999998
Marney O'Breen,Canada,Orange Choco,2025-01-14,2025,1,2024-01,1,3529.4929497599974,408.633693
Dennison Crosswaite,India,Fruit & Nut Bars,2025-07-29,2025,7,2024-07,3,1263.5067463499981,69.38902499999999
Brien Boise,Canada,Smooth Silky Salty,2025-05-13,2025,5,2024-05,2,6579.120166560001,458.715852
Barr Faughny,Canada,Baker's Choco Chips,2025-02-03,2025,2,2024-02,1,11729.452591050022,172.75346399999998
Brien Boise,India,Smooth Silky Salty,2025-05-27,2025,5,2024-05,2,7188.0208282199965,50.91535799999999
Jan Morforth,Australia,Drinking Choco,2025-02-18,2025,2,2024-02,1,3426.127024799988,52.417238999999995
Brien Boise,India,Spicy Special Slims,2025-01-28,2025,1,2024-01,1,2923.4807289900054,86.435109
Van Tuxwell,UK,Eclairs,2025-06-29,2025,6,2024-06,2,6210.092879910002,132.26105399999997
Wilone O'Kielt,India,Caramel Stuffed Bars,2025-01-13,2025,1,2024-01,1,4948.527328019994,270.51901799999996
Jehu Rudeforth,UK,After Nines,2025-06-27,2025,6,2024-06,2,2287.8441443100037,185.25675599999997
Barr Faughny,Canada,White Choc,2025-03-29,2025,3,2024-03,1,5168.853429929994,76.15544999999999
Gunar Cockshoot,India,Organic Choco Syrup,2025-06-03,2025,6,2024-06,2,8426.795309399991,166.17278399999998
Mallorie Waber,Canada,Smooth Silky Salty,2025-03-21,2025,3,2024-03,1,2494.342592370004,117.114876
Mallorie Waber,India,Eclairs,2025-04-12,2025,4,2024-04,2,11967.757959840032,61.900847999999996
Rafaelita Blaksland,Australia,Raspberry Choco,2025-01-19,2025,1,2024-01,1,7814.83532145001,234.46856699999998
Karlen McCaffrey,UK,50% Dark Bites,2025-04-06,2025,4,2024-04,2,4268.527566750003,300.79014599999994
Kaine Padly,Australia,50% Dark Bites,2025-08-02,2025,8,2024-08,3,9543.773397599996,118.49469599999999
Gigi Bohling,Australia,Eclairs,2025-04-12,2025,4,2024-04,2,8332.633686029982,142.17452999999998
Oby Sorrel,India,Drinking Choco,2025-07-21,2025,7,2024-07,3,18845.48428268997,141.505848
Van Tuxwell,New Zealand,Baker's Choco Chips,2025-03-22,2025,3,2024-03,1,9364.551868139988,93.84898799999999
Husein Augar,India,Peanut Butter Cubes,2025-05-09,2025,5,2024-05,2,5234.034269280018,18.059721
Andria Kimpton,Australia,Baker's Choco Chips,2025-08-09,2025,8,2024-08,3,376.84094195999927,122.08753499999999
Madelene Upcott,Canada,Choco Coated Almonds,2025-07-20,2025,7,2024-07,3,4560.997238939988,282.640206
Brien Boise,India,70% Dark Bites,2025-04-14,2025,4,2024-04,2,5186.415831959996,438.80398799999995
Jehu Rudeforth,Canada,White Choc,2025-01-25,2025,1,2024-01,1,4934.244598919996,155.351811
Andria Kimpton,Australia,Almond Choco,2025-04-25,2025,4,2024-04,2,3937.243876380004,170.450226
Dotty Strutley,Canada,After Nines,2025-01-17,2025,1,2024-01,1,253.2202677300001,157.33132199999997
Karlen McCaffrey,USA,Eclairs,2025-08-15,2025,8,2024-08,3,1582.5415092300009,132.006318
Karlen McCaffrey,Canada,Fruit & Nut Bars,2025-06-02,2025,6,2024-06,2,306.04338609,28.403064
Gunar Cockshoot,USA,85% Dark Bars,2025-06-30,2025,6,2024-06,2,8429.737138710014,150.23055599999998
Dotty Strutley,New Zealand,Raspberry Choco,2025-02-10,2025,2,2024-02,1,6278.522452379988,110.81016
Marney O'Breen,Canada,Caramel Stuffed Bars,2025-02-23,2025,2,2024-02,1,1834.6904528700002,590.907915
Dennison Crosswaite,India,Organic Choco Syrup,2025-01-27,2025,1,2024-01,1,10048.86526515001,211.88197499999998
Camilla Castle,UK,Mint Chip Choco,2025-05-26,2025,5,2024-05,2,5662.357834470004,306.95687999999996
Brien Boise,USA,70% Dark Bites,2025-04-14,2025,4,2024-04,2,2417.4140716800057,28.779860999999997
Madelene Upcott,Australia,99% Dark & Pure,2025-08-01,2025,8,2024-08,3,5250.307972499986,176.484285
Mallorie Waber,Australia,Eclairs,2025-08-22,2025,8,2024-08,3,11209.80547994999,211.743993
Marney O'Breen,India,99% Dark & Pure,2025-07-22,2025,7,2024-07,3,12082.262800170021,162.097008
Husein Augar,USA,Fruit & Nut Bars,2025-04-28,2025,4,2024-04,2,1775.8609780500028,41.71301999999999
Kelci Walkden,Australia,Almond Choco,2025-05-30,2025,5,2024-05,2,6003.231008489991,360.99806099999995
Ches Bonnell,USA,Milk Bars,2025-07-21,2025,7,2024-07,3,3138.5078975399924,172.71631499999998
Jan Morforth,UK,Caramel Stuffed Bars,2025-08-02,2025,8,2024-08,3,4052.646289619995,448.0700099999999
Brien Boise,New Zealand,70% Dark Bites,2025-06-15,2025,6,2024-06,2,7889.269445999986,148.447404
Oby Sorrel,India,85% Dark Bars,2025-07-05,2025,7,2024-07,3,10087.408679399983,141.585453
Kaine Padly,New Zealand,Smooth Silky Salty,2025-04-12,2025,4,2024-04,2,354.73702160999846,544.8113129999999
Gigi Bohling,Australia,70% Dark Bites,2025-08-18,2025,8,2024-08,3,1877.1303195899966,133.29591899999997
Jan Morforth,UK,50% Dark Bites,2025-01-12,2025,1,2024-01,1,6123.272270430014,288.15948599999996
Gunar Cockshoot,Canada,White Choc,2025-08-11,2025,8,2024-08,3,8949.680433479985,51.997986
Jehu Rudeforth,Australia,Spicy Special Slims,2025-01-13,2025,1,2024-01,1,5482.899453599989,335.604066
Husein Augar,UK,Baker's Choco Chips,2025-04-29,2025,4,2024-04,2,3571.8522031500042,137.711343
Rafaelita Blaksland,New Zealand,After Nines,2025-07-07,2025,7,2024-07,3,1398.4308529500013,114.11642099999999
Madelene Upcott,New Zealand,Mint Chip Choco,2025-03-11,2025,3,2024-03,1,9119.713953840026,38.178557999999995
Madelene Upcott,UK,70% Dark Bites,2025-02-16,2025,2,2024-02,1,6801.425089559998,255.29854199999997
Barr Faughny,Australia,Organic Choco Syrup,2025-01-07,2025,1,2024-01,1,2563.0142701799955,76.415493
Beverie Moffet,New Zealand,Drinking Choco,2025-01-12,2025,1,2024-01,1,1536.6945485099975,476.36693399999996
Beverie Moffet,India,Eclairs,2025-06-09,2025,6,2024-06,2,11588.560922160026,151.09559699999997
Andria Kimpton,India,Eclairs,2025-05-16,2025,5,2024-05,2,2421.390182219995,91.195488
Gigi Bohling,UK,85% Dark Bars,2025-06-23,2025,6,2024-06,2,13998.097176900032,112.800285
Roddy Speechley,UK,Raspberry Choco,2025-01-28,2025,1,2024-01,1,15267.993073619975,209.38768499999998
Dotty Strutley,UK,Mint Chip Choco,2025-07-14,2025,7,2024-07,3,3270.8282307300037,206.399844
Barr Faughny,Canada,Drinking Choco,2025-04-18,2025,4,2024-04,2,7478.214275040016,257.46379799999994
Oby Sorrel,USA,Milk Bars,2025-06-14,2025,6,2024-06,2,2337.537247139995,92.24627399999999
Oby Sorrel,UK,Orange Choco,2025-04-15,2025,4,2024-04,2,9042.698026860018,244.13261399999996
Curtice Advani,Canada,Peanut Butter Cubes,2025-05-19,2025,5,2024-05,2,6001.893485279982,84.529896
Gigi Bohling,India,White Choc,2025-04-13,2025,4,2024-04,2,1778.3876938200065,184.13167199999998
Husein Augar,Canada,Choco Coated Almonds,2025-08-15,2025,8,2024-08,3,4286.247692820003,366.05563199999995
Wilone O'Kielt,India,Choco Coated Almonds,2025-08-22,2025,8,2024-08,3,3732.1635648599927,234.489795
Wilone O'Kielt,New Zealand,Baker's Choco Chips,2025-04-22,2025,4,2024-04,2,4725.8854635900125,71.96292
Kaine Padly,UK,Choco Coated Almonds,2025-08-03,2025,8,2024-08,3,9251.817549150031,169.51619399999998
Dennison Crosswaite,New Zealand,Organic Choco Syrup,2025-01-04,2025,1,2024-01,1,1682.6649102599938,246.998394
Kelci Walkden,Canada,After Nines,2025-01-13,2025,1,2024-01,1,19050.22643217003,219.46037099999995
Van Tuxwell,Australia,Baker's Choco Chips,2025-05-11,2025,5,2024-05,2,14305.662239099982,52.44908099999999
Husein Augar,New Zealand,Peanut Butter Cubes,2025-02-16,2025,2,2024-02,1,2524.8769475700074,223.63167299999998
Kaine Padly,UK,Caramel Stuffed Bars,2025-05-20,2025,5,2024-05,2,11964.409242839984,97.823931
Jehu Rudeforth,UK,Drinking Choco,2025-02-03,2025,2,2024-02,1,7900.536153929997,404.92409999999995
Beverie Moffet,India,Manuka Honey Choco,2025-05-06,2025,5,2024-05,2,11325.961434120012,175.71477
Gunar Cockshoot,UK,Choco Coated Almonds,2025-06-30,2025,6,2024-06,2,6917.89898610001,148.86135
Gunar Cockshoot,UK,Smooth Silky Salty,2025-03-22,2025,3,2024-03,1,1382.734498259999,164.95217399999999
Camilla Castle,Canada,Orange Choco,2025-02-17,2025,2,2024-02,1,9664.89245817001,83.38889099999999
Jehu Rudeforth,UK,85% Dark Bars,2025-07-07,2025,7,2024-07,3,6771.067298250001,98.72612099999999
Oby Sorrel,UK,70% Dark Bites,2025-03-16,2025,3,2024-03,1,7382.714597760003,189.231699
Kelci Walkden,UK,99% Dark & Pure,2025-08-12,2025,8,2024-08,3,4224.853557180002,138.576384
Gigi Bohling,New Zealand,After Nines,2025-01-21,2025,1,2024-01,1,7287.519276930018,193.71611399999998
Oby Sorrel,Australia,50% Dark Bites,2025-05-06,2025,5,2024-05,2,987.8346313499977,167.22357
Oby Sorrel,Canada,50% Dark Bites,2025-06-24,2025,6,2024-06,2,7653.283395420026,151.95533099999997
Barr Faughny,USA,White Choc,2025-05-05,2025,5,2024-05,2,8976.12940700999,174.92933399999998
Rafaelita Blaksland,New Zealand,99% Dark & Pure,2025-03-25,2025,3,2024-03,1,4616.774021220007,112.77374999999999
Curtice Advani,Australia,Caramel Stuffed Bars,2025-02-14,2025,2,2024-02,1,9785.196894239982,148.097142
Curtice Advani,New Zealand,85% Dark Bars,2025-05-12,2025,5,2024-05,2,5924.687992260018,213.07604999999998
Barr Faughny,New Zealand,Smooth Silky Salty,2025-01-25,2025,1,2024-01,1,4776.883823070006,189.04064699999998
Ches Bonnell,UK,85% Dark Bars,2025-06-28,2025,6,2024-06,2,17409.30983345996,32.240024999999996
Dennison Crosswaite,Australia,Drinking Choco,2025-07-13,2025,7,2024-07,3,7382.259204089986,191.078535
Roddy Speechley,USA,Milk Bars,2025-05-16,2025,5,2024-05,2,3241.9491288300064,252.60258599999997
Jan Morforth,India,After Nines,2025-03-14,2025,3,2024-03,1,6565.12900404001,152.72484599999996
Gunar Cockshoot,USA,After Nines,2025-08-15,2025,8,2024-08,3,4438.391581529996,255.26139299999997
Ches Bonnell,India,Orange Choco,2025-02-16,2025,2,2024-02,1,2796.8213726999907,247.83689999999999
Mallorie Waber,UK,Manuka Honey Choco,2025-06-15,2025,6,2024-06,2,9934.274026859988,62.537687999999996
Barr Faughny,Australia,Raspberry Choco,2025-05-27,2025,5,2024-05,2,10778.41446875998,113.182389
Wilone O'Kielt,USA,Drinking Choco,2025-06-14,2025,6,2024-06,2,1265.2366691400023,113.47427399999998
Wilone O'Kielt,India,Eclairs,2025-02-25,2025,2,2024-02,1,4373.92421526001,99.72383699999999
Wilone O'Kielt,India,After Nines,2025-08-04,2025,8,2024-08,3,13091.462564399988,264.55925699999995
Kelci Walkden,India,99% Dark & Pure,2025-06-28,2025,6,2024-06,2,2550.5819327699974,245.87330999999998
Gunar Cockshoot,Canada,Spicy Special Slims,2025-04-05,2025,4,2024-04,2,14817.610113809988,31.178624999999997
Madelene Upcott,Canada,Peanut Butter Cubes,2025-07-05,2025,7,2024-07,3,17301.801211230006,140.48159699999997
Kaine Padly,New Zealand,Eclairs,2025-01-20,2025,1,2024-01,1,14774.386880819986,92.787588
Ches Bonnell,New Zealand,Drinking Choco,2025-02-16,2025,2,2024-02,1,10025.460599100006,151.12743899999998
Curtice Advani,UK,Drinking Choco,2025-07-12,2025,7,2024-07,3,801.30791025,193.084581
Kelci Walkden,India,Raspberry Choco,2025-06-16,2025,6,2024-06,2,9140.278472699998,260.53124399999996
Dotty Strutley,Australia,Choco Coated Almonds,2025-04-13,2025,4,2024-04,2,1915.305958740003,299.71282499999995
Kaine Padly,UK,50% Dark Bites,2025-02-21,2025,2,2024-02,1,4104.685192589989,126.99120299999998
Roddy Speechley,Canada,Choco Coated Almonds,2025-05-11,2025,5,2024-05,2,6901.3711306500145,240.17359199999999
Ches Bonnell,India,50% Dark Bites,2025-04-15,2025,4,2024-04,2,13533.770817569983,307.386747
Oby Sorrel,Canada,Peanut Butter Cubes,2025-06-07,2025,6,2024-06,2,14020.515059369995,180.31063199999997
Oby Sorrel,UK,White Choc,2025-06-27,2025,6,2024-06,2,2164.2592392599963,297.12300899999997
Barr Faughny,India,After Nines,2025-07-29,2025,7,2024-07,3,9061.255544460017,127.925235
Wilone O'Kielt,Canada,Smooth Silky Salty,2025-06-02,2025,6,2024-06,2,5714.456759609991,175.587402
Rafaelita Blaksland,India,Mint Chip Choco,2025-01-26,2025,1,2024-01,1,17651.87375132999,116.467422
Rafaelita Blaksland,Canada,99% Dark & Pure,2025-03-02,2025,3,2024-03,1,6180.9280491300005,190.542528
Van Tuxwell,Australia,70% Dark Bites,2025-01-10,2025,1,2024-01,1,8809.321268970012,128.524926
Beverie Moffet,USA,70% Dark Bites,2025-06-27,2025,6,2024-06,2,2561.3323226699913,126.30659999999999
Barr Faughny,Canada,Orange Choco,2025-06-30,2025,6,2024-06,2,8846.739917639969,44.03217899999999
Roddy Speechley,Australia,85% Dark Bars,2025-07-08,2025,7,2024-07,3,4878.095955149999,122.39003399999999
Oby Sorrel,India,Spicy Special Slims,2025-06-08,2025,6,2024-06,2,13520.536433250003,101.61843599999999
Jan Morforth,UK,Manuka Honey Choco,2025-08-18,2025,8,2024-08,3,3793.455540750006,217.67721899999998
Kaine Padly,Australia,After Nines,2025-04-08,2025,4,2024-04,2,8656.516817969978,291.20570399999997
Wilone O'Kielt,Canada,Fruit & Nut Bars,2025-08-08,2025,8,2024-08,3,3843.200652180006,204.04884299999998
Wilone O'Kielt,UK,Milk Bars,2025-08-26,2025,8,2024-08,3,647.888855579999,88.81264499999999
Oby Sorrel,Canada,Fruit & Nut Bars,2025-01-14,2025,1,2024-01,1,1973.5222627800022,171.10298699999998
Dennison Crosswaite,USA,Baker's Choco Chips,2025-08-11,2025,8,2024-08,3,18696.362412060003,256.731432
Madelene Upcott,USA,Almond Choco,2025-05-31,2025,5,2024-05,2,12218.436599129971,36.878342999999994
Van Tuxwell,New Zealand,50% Dark Bites,2025-07-11,2025,7,2024-07,3,4786.596853680007,36.995096999999994
Karlen McCaffrey,Canada,Caramel Stuffed Bars,2025-03-02,2025,3,2024-03,1,3722.0191282199958,298.693881
Madelene Upcott,Australia,Raspberry Choco,2025-07-13,2025,7,2024-07,3,7364.747643119982,116.48864999999999
Rafaelita Blaksland,UK,Spicy Special Slims,2025-08-03,2025,8,2024-08,3,10498.718904779984,145.353423
Curtice Advani,UK,Peanut Butter Cubes,2025-03-01,2025,3,2024-03,1,14532.60526781997,192.35221499999997
Kelci Walkden,New Zealand,White Choc,2025-04-13,2025,4,2024-04,2,8933.568063060016,170.56167299999998
Beverie Moffet,Canada,Fruit & Nut Bars,2025-02-14,2025,2,2024-02,1,12153.258360209991,184.45009199999998
Mallorie Waber,India,White Choc,2025-07-26,2025,7,2024-07,3,1235.894743769996,239.12280599999997
Brien Boise,UK,Drinking Choco,2025-01-27,2025,1,2024-01,1,6467.4411975899875,147.91139699999997
Jehu Rudeforth,India,Peanut Butter Cubes,2025-04-14,2025,4,2024-04,2,407.50197524999675,492.3728459999999
Oby Sorrel,USA,Almond Choco,2025-05-19,2025,5,2024-05,2,7976.463562140021,163.66257299999998
Husein Augar,India,Eclairs,2025-02-09,2025,2,2024-02,1,5108.190651960008,98.503227
Brien Boise,UK,Spicy Special Slims,2025-05-25,2025,5,2024-05,2,3038.5882322400003,72.13274399999999
Oby Sorrel,Australia,Manuka Honey Choco,2025-01-26,2025,1,2024-01,1,4463.034529889997,168.86873999999997
Beverie Moffet,India,White Choc,2025-07-04,2025,7,2024-07,3,2820.6741087600058,262.335624
Ches Bonnell,India,Almond Choco,2025-04-13,2025,4,2024-04,2,13920.239241300003,100.73747399999999
Gigi Bohling,Australia,Smooth Silky Salty,2025-01-25,2025,1,2024-01,1,5932.5554605499965,132.239826
Camilla Castle,USA,85% Dark Bars,2025-04-25,2025,4,2024-04,2,3237.994670850006,94.85201099999999
Camilla Castle,USA,Eclairs,2025-06-10,2025,6,2024-06,2,5213.291647500015,424.24157999999994
Madelene Upcott,New Zealand,White Choc,2025-08-22,2025,8,2024-08,3,12848.726328239996,86.41918799999999
Van Tuxwell,India,After Nines,2025-06-27,2025,6,2024-06,2,16077.555757020025,230.63691299999996
Husein Augar,India,Orange Choco,2025-06-30,2025,6,2024-06,2,5013.970863870002,56.23827899999999
Jehu Rudeforth,India,Almond Choco,2025-08-30,2025,8,2024-08,3,11950.25075060998,131.194347
Karlen McCaffrey,Australia,Raspberry Choco,2025-08-23,2025,8,2024-08,3,1657.0829413200008,80.26837499999999
Camilla Castle,New Zealand,99% Dark & Pure,2025-08-26,2025,8,2024-08,3,2575.058612819997,61.094184
Gigi Bohling,Australia,Orange Choco,2025-03-09,2025,3,2024-03,1,1534.3188699600005,176.218935
Kelci Walkden,UK,Drinking Choco,2025-04-20,2025,4,2024-04,2,2322.15087432,30.754064999999997
Mallorie Waber,Canada,Caramel Stuffed Bars,2025-06-10,2025,6,2024-06,2,5552.300366280015,505.88446799999997
Husein Augar,Australia,Organic Choco Syrup,2025-02-08,2025,2,2024-02,1,1050.4318638899992,172.98697199999998
Brien Boise,Australia,White Choc,2025-08-25,2025,8,2024-08,3,5983.445185740006,59.226119999999995
Dotty Strutley,India,Peanut Butter Cubes,2025-02-16,2025,2,2024-02,1,11349.701290290013,119.33850899999999
Dennison Crosswaite,UK,99% Dark & Pure,2025-05-30,2025,5,2024-05,2,13595.406368640013,55.13973
Gigi Bohling,New Zealand,50% Dark Bites,2025-06-29,2025,6,2024-06,2,6822.468193679993,85.18265699999999
Gigi Bohling,USA,Milk Bars,2025-06-16,2025,6,2024-06,2,615.2064921300013,137.212485
Brien Boise,UK,Caramel Stuffed Bars,2025-03-04,2025,3,2024-03,1,3099.9093966299924,173.905083
Curtice Advani,New Zealand,Peanut Butter Cubes,2025-03-15,2025,3,2024-03,1,1878.2286032400025,373.941834
Curtice Advani,New Zealand,50% Dark Bites,2025-01-27,2025,1,2024-01,1,10198.745930639974,114.88593599999999
Beverie Moffet,Canada,Drinking Choco,2025-07-05,2025,7,2024-07,3,1710.236526570003,143.09794799999997
Barr Faughny,USA,Caramel Stuffed Bars,2025-03-29,2025,3,2024-03,1,3913.696982730001,271.63348799999994
Mallorie Waber,Canada,Almond Choco,2025-05-12,2025,5,2024-05,2,5084.991791369991,51.536277
Oby Sorrel,USA,Drinking Choco,2025-03-11,2025,3,2024-03,1,9595.060988579993,84.20616899999999
Brien Boise,New Zealand,Eclairs,2025-07-11,2025,7,2024-07,3,5722.608523889997,290.537022
Gunar Cockshoot,New Zealand,Choco Coated Almonds,2025-08-01,2025,8,2024-08,3,14748.622244940036,118.10197799999999
Gunar Cockshoot,UK,Spicy Special Slims,2025-02-16,2025,2,2024-02,1,12600.992065620025,178.21967399999997
Curtice Advani,USA,After Nines,2025-04-13,2025,4,2024-04,2,15759.846629670037,252.140877
Oby Sorrel,India,Choco Coated Almonds,2025-02-14,2025,2,2024-02,1,606.4811472899996,350.53796399999993
Ches Bonnell,Australia,Peanut Butter Cubes,2025-03-14,2025,3,2024-03,1,10736.880294659979,124.592439
Oby Sorrel,Australia,Spicy Special Slims,2025-04-26,2025,4,2024-04,2,13328.739914219992,38.061803999999995
Jehu Rudeforth,Canada,Manuka Honey Choco,2025-04-05,2025,4,2024-04,2,4035.04381974,211.308819
Camilla Castle,Canada,Drinking Choco,2025-03-03,2025,3,2024-03,1,13864.093463309984,256.094592
Kaine Padly,USA,Spicy Special Slims,2025-06-13,2025,6,2024-06,2,2654.537783849994,196.43329799999998
Marney O'Breen,New Zealand,70% Dark Bites,2025-02-14,2025,2,2024-02,1,9523.27134213002,330.50934599999994
Roddy Speechley,New Zealand,99% Dark & Pure,2025-04-18,2025,4,2024-04,2,9385.099457670005,202.913145
Oby Sorrel,New Zealand,85% Dark Bars,2025-02-01,2025,2,2024-02,1,4752.866092380013,403.868007
Dotty Strutley,New Zealand,Orange Choco,2025-08-04,2025,8,2024-08,3,2214.8379742500006,163.524591
Andria Kimpton,New Zealand,Almond Choco,2025-04-05,2025,4,2024-04,2,7462.196528429984,176.67002999999997
Karlen McCaffrey,Australia,99% Dark & Pure,2025-01-26,2025,1,2024-01,1,12053.508465839986,187.01337299999997
Kaine Padly,UK,After Nines,2025-01-21,2025,1,2024-01,1,21410.41024040999,185.203686
Kaine Padly,Canada,After Nines,2025-08-22,2025,8,2024-08,3,7792.239123779991,193.83817499999998
Kaine Padly,UK,Drinking Choco,2025-01-27,2025,1,2024-01,1,2610.6393412500006,215.814462
Rafaelita Blaksland,UK,50% Dark Bites,2025-02-16,2025,2,2024-02,1,11137.979268269983,95.63213999999998
Dotty Strutley,USA,Raspberry Choco,2025-01-03,2025,1,2024-01,1,4304.907476309996,92.51162399999998
Karlen McCaffrey,USA,White Choc,2025-08-24,2025,8,2024-08,3,7354.027396980003,52.608290999999994
Oby Sorrel,USA,Spicy Special Slims,2025-02-07,2025,2,2024-02,1,6128.202314219991,330.955134
Mallorie Waber,Australia,Smooth Silky Salty,2025-02-11,2025,2,2024-02,1,4797.019536330006,117.10956899999998
Kaine Padly,Canada,Organic Choco Syrup,2025-03-29,2025,3,2024-03,1,6316.493825099997,102.39856499999999
Marney O'Breen,USA,Peanut Butter Cubes,2025-06-15,2025,6,2024-06,2,1079.0303846999982,365.94949199999996
Dennison Crosswaite,UK,Smooth Silky Salty,2025-04-26,2025,4,2024-04,2,1248.0891683700027,152.353356
Brien Boise,Australia,Organic Choco Syrup,2025-07-15,2025,7,2024-07,3,4879.4036530199955,270.18467699999997
Beverie Moffet,India,Organic Choco Syrup,2025-06-23,2025,6,2024-06,2,1469.650209180004,29.602445999999997
Dennison Crosswaite,Australia,Baker's Choco Chips,2025-01-11,2025,1,2024-01,1,17705.266310789964,340.19992799999994
Beverie Moffet,UK,50% Dark Bites,2025-02-09,2025,2,2024-02,1,2909.727213929998,268.53950699999996
Van Tuxwell,UK,Almond Choco,2025-06-06,2025,6,2024-06,2,12069.137050140002,221.80606499999996
Dotty Strutley,UK,Caramel Stuffed Bars,2025-08-10,2025,8,2024-08,3,7840.620601560008,241.919595
Wilone O'Kielt,Australia,Smooth Silky Salty,2025-01-04,2025,1,2024-01,1,2561.376211559994,77.774085
Andria Kimpton,Canada,70% Dark Bites,2025-04-08,2025,4,2024-04,2,12418.645774560007,50.432421
Barr Faughny,UK,Milk Bars,2025-03-02,2025,3,2024-03,1,4756.318667369997,392.86128899999994
Van Tuxwell,Canada,Drinking Choco,2025-06-15,2025,6,2024-06,2,5547.4407463800035,679.4817449999999
Jehu Rudeforth,Australia,After Nines,2025-02-14,2025,2,2024-02,1,5650.946404649987,94.31069699999999
Husein Augar,UK,After Nines,2025-07-05,2025,7,2024-07,3,4327.443492600006,367.13825999999995
Barr Faughny,India,Mint Chip Choco,2025-01-12,2025,1,2024-01,1,7827.538952700002,358.24903499999994
Curtice Advani,India,Mint Chip Choco,2025-03-03,2025,3,2024-03,1,8757.00661427999,135.376263
Jehu Rudeforth,New Zealand,Milk Bars,2025-05-18,2025,5,2024-05,2,3462.863777039993,211.26636299999996
Gunar Cockshoot,India,Caramel Stuffed Bars,2025-07-28,2025,7,2024-07,3,2836.3537994699927,216.23902199999998
Curtice Advani,UK,Manuka Honey Choco,2025-02-07,2025,2,2024-02,1,1813.0558305299985,134.26179299999998
Andria Kimpton,India,Orange Choco,2025-05-30,2025,5,2024-05,2,666.84747624,449.98052999999993
Mallorie Waber,Australia,Raspberry Choco,2025-04-25,2025,4,2024-04,2,9353.471754329981,58.159412999999994
Beverie Moffet,Canada,85% Dark Bars,2025-02-16,2025,2,2024-02,1,8520.01393194001,82.836963
Kelci Walkden,Australia,Drinking Choco,2025-05-04,2025,5,2024-05,2,2301.885564120002,73.03493399999999
Van Tuxwell,Canada,70% Dark Bites,2025-06-02,2025,6,2024-06,2,8483.11319339998,91.52452199999999
Dennison Crosswaite,USA,Caramel Stuffed Bars,2025-07-11,2025,7,2024-07,3,2842.7707585199955,439.01626799999997
Beverie Moffet,New Zealand,Spicy Special Slims,2025-06-07,2025,6,2024-06,2,324.80172057000027,72.19642799999998
Jan Morforth,UK,Almond Choco,2025-07-06,2025,7,2024-07,3,10688.790967229983,158.03184599999997
Husein Augar,India,Raspberry Choco,2025-06-15,2025,6,2024-06,2,12043.461571859989,168.093918
Dotty Strutley,India,Mint Chip Choco,2025-04-14,2025,4,2024-04,2,1441.0560401099988,241.52157
Camilla Castle,India,Drinking Choco,2025-08-08,2025,8,2024-08,3,1252.096802489998,188.97165599999997
Marney O'Breen,UK,Drinking Choco,2025-03-29,2025,3,2024-03,1,1195.1097588600007,58.063886999999994
Roddy Speechley,Australia,Organic Choco Syrup,2025-07-04,2025,7,2024-07,3,4689.291628859996,124.98515699999999
Ches Bonnell,India,99% Dark & Pure,2025-02-16,2025,2,2024-02,1,552.0070743000009,107.91784499999999
Rafaelita Blaksland,Canada,Spicy Special Slims,2025-05-02,2025,5,2024-05,2,3040.767923280002,173.48582999999996
Van Tuxwell,India,Eclairs,2025-07-21,2025,7,2024-07,3,11996.586273749996,126.66216899999998
Gunar Cockshoot,Australia,99% Dark & Pure,2025-08-18,2025,8,2024-08,3,8379.567785700001,223.90232999999998
Kaine Padly,USA,85% Dark Bars,2025-06-22,2025,6,2024-06,2,666.7065753899988,262.462992
Camilla Castle,UK,Peanut Butter Cubes,2025-07-19,2025,7,2024-07,3,6661.558626929978,151.260114
Madelene Upcott,UK,Peanut Butter Cubes,2025-08-12,2025,8,2024-08,3,9954.217308299976,117.86846999999999
Madelene Upcott,USA,Choco Coated Almonds,2025-06-07,2025,6,2024-06,2,6393.638871389994,151.870419
Marney O'Breen,Canada,Peanut Butter Cubes,2025-03-08,2025,3,2024-03,1,6476.536387260009,152.671776
Ches Bonnell,Australia,Choco Coated Almonds,2025-04-08,2025,4,2024-04,2,1947.1175496299963,194.30519099999998
Curtice Advani,Canada,Eclairs,2025-05-06,2025,5,2024-05,2,1044.2496334499992,208.198917
Roddy Speechley,India,Drinking Choco,2025-05-31,2025,5,2024-05,2,5137.921368149984,21.848919
Van Tuxwell,Australia,Mint Chip Choco,2025-01-13,2025,1,2024-01,1,3136.9316654700024,273.26273699999996
Dennison Crosswaite,USA,70% Dark Bites,2025-03-15,2025,3,2024-03,1,1375.3590419399986,101.76703199999999
Andria Kimpton,Canada,Peanut Butter Cubes,2025-02-16,2025,2,2024-02,1,1910.2484408099947,315.5329919999999
Gigi Bohling,USA,70% Dark Bites,2025-01-14,2025,1,2024-01,1,8381.70894792001,219.364845
Rafaelita Blaksland,Australia,White Choc,2025-03-21,2025,3,2024-03,1,6935.107835789998,152.75668799999997
Roddy Speechley,Canada,Drinking Choco,2025-05-17,2025,5,2024-05,2,8432.807025929988,341.542599
Camilla Castle,New Zealand,85% Dark Bars,2025-08-08,2025,8,2024-08,3,15765.196191809984,105.76850999999999
Madelene Upcott,Canada,Milk Bars,2025-04-26,2025,4,2024-04,2,4464.313782240002,94.94753699999998
Madelene Upcott,Australia,70% Dark Bites,2025-04-15,2025,4,2024-04,2,4431.480116219992,273.050457
Oby Sorrel,Canada,Eclairs,2025-05-19,2025,5,2024-05,2,6743.916898530021,601.0389779999999
Dennison Crosswaite,Canada,Drinking Choco,2025-01-10,2025,1,2024-01,1,3539.4148108199947,60.49449299999999
Mallorie Waber,New Zealand,After Nines,2025-05-04,2025,5,2024-05,2,576.8185199100011,237.22820699999997
Roddy Speechley,Canada,White Choc,2025-04-05,2025,4,2024-04,2,7146.846044160015,285.766029
Andria Kimpton,India,After Nines,2025-01-17,2025,1,2024-01,1,1199.2622210099985,107.81170499999999
Roddy Speechley,India,Spicy Special Slims,2025-03-22,2025,3,2024-03,1,11846.62515414001,197.770662
Dotty Strutley,Australia,White Choc,2025-07-05,2025,7,2024-07,3,7011.089481539981,127.72356899999998
Oby Sorrel,Canada,Orange Choco,2025-04-27,2025,4,2024-04,2,10599.834927089993,330.49873199999996
Kaine Padly,Canada,Almond Choco,2025-08-12,2025,8,2024-08,3,7210.0215274200045,108.363633
Jan Morforth,UK,Baker's Choco Chips,2025-03-11,2025,3,2024-03,1,1152.7801185300025,261.566109
Jehu Rudeforth,UK,Fruit & Nut Bars,2025-05-13,2025,5,2024-05,2,10176.01026500998,221.90159099999997
Dennison Crosswaite,USA,Smooth Silky Salty,2025-05-12,2025,5,2024-05,2,12741.978995160025,106.92543599999999
Brien Boise,USA,Raspberry Choco,2025-01-12,2025,1,2024-01,1,1139.2867526100017,199.84569899999997
Madelene Upcott,New Zealand,Milk Bars,2025-03-29,2025,3,2024-03,1,14247.550801379975,371.601447
Roddy Speechley,India,50% Dark Bites,2025-03-14,2025,3,2024-03,1,10345.287856289988,75.60882899999999
Barr Faughny,New Zealand,99% Dark & Pure,2025-05-24,2025,5,2024-05,2,10046.83326791998,208.570407
Dennison Crosswaite,Canada,Organic Choco Syrup,2025-01-28,2025,1,2024-01,1,7753.368639120005,125.79712799999999
Beverie Moffet,India,Almond Choco,2025-05-24,2025,5,2024-05,2,3730.3627936200014,115.09290899999999
Brien Boise,Australia,Peanut Butter Cubes,2025-08-19,2025,8,2024-08,3,1419.7914748800022,220.442166
Karlen McCaffrey,Australia,Spicy Special Slims,2025-05-17,2025,5,2024-05,2,5493.531072839985,342.54031499999996
Jehu Rudeforth,USA,White Choc,2025-06-07,2025,6,2024-06,2,7456.55969838,130.223166
Ches Bonnell,Canada,Organic Choco Syrup,2025-07-26,2025,7,2024-07,3,1263.869267519999,241.78161299999996
Dotty Strutley,India,Eclairs,2025-07-28,2025,7,2024-07,3,3100.8840271799986,346.89205499999997
Karlen McCaffrey,India,70% Dark Bites,2025-05-23,2025,5,2024-05,2,5760.0089164799965,346.14376799999997
